Weeks,English,Polish,Russian,Ukrainian,Lithuanian,German,Japanese,Spanish; Castilian,French,Italian,Chinese,Persian,Portuguese,Arabic,Turkish,Indonesian,Dutch; Flemish
2020-08-24,-9.475787716729101,-15.144539569417404,-8.026985074628934,8.801506989043029,-3.621527570132066,-5.244407933879569,-35.26330638786338,-32.43359036290485,-51.78561677964766,-16.785934341069066,-1.314125680990219,23.63809181698131,2.4741786721339976,-28.783906476498988,-21.380300521561324,-1.5574548202411997,-60.77984917573964
2020-08-31,-13.938050122207013,-11.503335011772897,-28.109560118602182,6.3626393525130664,-11.720506310533763,-63.97334307853606,-31.0827417376892,-19.490047072702342,-37.602708954418915,-28.429141477206453,1.7132479018252988,-5.233028205445123,-1.2245979669162188,-22.095133378166267,1.6501603705585621,-29.320601066675025,-62.65583291293938
2020-09-07,-14.965209455934103,-15.113429717997162,-23.902092129763375,-22.878097975943447,-18.40943546707735,-48.7112964523638,-28.17530643723336,-32.98676352813613,-40.79579461697097,-30.541917918527737,-18.5268288881533,4.803707489154085,-12.251155379166011,-25.318967354812592,-15.216467492762408,4.287247201590416,-56.8352454496359
2020-09-14,-9.993205148735306,-17.48213711787696,-11.568786467236247,-13.338713418040937,-46.46553592362773,-51.312389491566314,-44.86186351932585,-38.22292113394301,-35.86019229050363,-30.739647144804838,-8.938192662582233,8.591276896754984,-14.508950305072998,-1.8117126162429775,31.218887026434473,-5.548398255318599,-65.39740896536934
2020-09-21,-5.7378832806942,-14.1881478320247,-7.232083891593533,-37.71130581934783,-38.83535811303849,-51.651575712647755,-43.51261610065807,-25.212336773821566,-35.67871768570986,-35.969993180303625,-3.7371888332561,-17.739744106424027,-14.020082893404172,-1.141925758265916,9.879078788806584,1.3143595307714362,-57.427173601048565
2020-09-28,-6.619315690179706,-20.62534637423599,-18.99727778549759,-5.466071099728476,-33.04751916533757,-55.026798289559345,-63.11321642965879,21.178104128909325,-36.52944685624375,-16.777239772398843,-12.862258357760126,-26.547996877890647,6.605893560973675,37.21567953954561,28.147581356222616,-10.64533014744814,-64.86796141335422
2020-10-05,-5.436348112981904,-1.224090954296153,-24.815685051818768,-25.81770906097184,-68.14247654493538,-46.21088197822847,-69.84543852590639,28.927603810426874,-43.234904463969336,-6.1890619303154315,-11.6541330755336,21.624907076548027,42.01594349468532,103.15764310474651,12.28562956013377,-24.7407161331582,-53.79724995322839
2020-10-12,-0.8335347794100834,-21.656637508588293,-18.33240928645974,-9.008574497850097,-46.91876254523187,-45.18577515230311,-67.80336073689222,4.739556616206975,-43.428375249822814,-21.156223563586472,-10.046906612366213,-3.5733683315291698,26.04090466002358,6.502187678200189,-14.970138965068402,-11.24286442136051,-16.811029267267163
2020-10-19,-5.664695250905904,-17.29285764465106,-9.793481908537094,-22.986217896750503,-27.509536310290848,-34.63581346422357,-39.128510246721625,9.063782535819897,-41.285302346303254,-33.970398830028714,-13.051486631363806,1.2220982441214945,22.089886912496915,34.67330195991667,57.40144674120553,0.2819621595131938,-50.85543594036975
2020-10-26,16.802299339417615,87.40772134804679,79.1361477261473,1.9428397353283389,-46.96777397529651,-16.58392546366939,-15.473003260909534,12.15780868773133,18.682949820420024,190.32994804525788,5.47198374693878,3.4978989380425984,78.79002111963815,118.87307853543167,26.087896262664835,-0.03748475695840581,-16.222216120559708
2020-11-02,-12.322340733252247,-17.08632036210922,-9.300954824545881,-10.577977709144903,-47.98745266283352,-36.19666416381095,-6.688647560079641,-16.8096543816044,-36.01467594084051,-16.705162078679702,-18.250824818707358,-1.8167652881094787,12.862760759407044,39.10500242871999,40.18238881267464,-17.265492306702168,-61.552876500467576
2020-11-09,-4.18783023033944,-20.531320332963986,-17.702145906103816,6.525027996800881,-45.347850247324494,-27.86758169149759,-10.67319668641339,-1.4650597614295435,-27.658096063113824,-27.88972082740654,2.7684342100072756,18.71344419359733,54.268090879038276,17.128158080450252,88.75587538742498,-0.6756484124763373,-42.212935176708456
2020-11-16,13.719140278054166,-13.83559832140544,-15.265188834305354,24.876203175553925,-9.805558060531382,-37.1344278153003,1.3346541667230705,-2.4460514090806185,-9.925362794751747,-27.161355040989942,18.4840572291032,-18.91418173778836,14.36917168009446,1.3054986189868556,128.4925913071365,16.130495354567962,-49.50787312881253
2020-11-23,4.182563612703616,-24.327613038330465,-10.679853480630264,-14.627305202165486,-24.650142935900977,-22.21010328561841,-1.8884688635741997,-1.8833494376195525,-18.052869945499005,-40.24787913622257,8.518297258744777,10.595639622439702,10.186639370947903,10.5758175716667,104.10371641198397,34.90191116137955,-47.42624145028401
2020-11-30,-7.6924266562605865,-22.7976760239068,-9.723639534186523,-21.861710504972677,-41.133723435207024,-40.85595556648586,-5.207415178401586,3.9974277371637834,-24.74003706300173,-39.36560052801674,-12.121156883412265,27.361428387194398,10.245661319663846,16.275752630479733,86.33816644356958,-15.556070497614737,-53.11511909987836
2020-12-07,-9.712632915013364,-23.501385585251523,-17.682080514478628,12.64732238296209,-42.95245727386967,-48.19095993408939,-22.245047812548147,0.25040173178940694,-20.18648891438928,-54.11747712734722,-8.348678959007827,-31.183902312960775,42.656900463562366,-3.335881620235559,75.95055387998688,9.14897803512591,-58.12086362909212
2020-12-14,-3.3453806566345556,-21.566572978018485,-10.810769833104562,20.11141956695701,-18.37218625304311,-29.966315040154733,-29.318716782932096,10.33657648452564,-28.138315072137267,-38.23553394125108,-8.671649473763466,-25.149119835453014,35.5755480643015,-25.614846653375146,61.76056640319531,-28.214618705028748,-43.590288239216676
2020-12-21,0.024828229951534553,-25.174733265874004,-11.06577987875822,-33.0861221499568,-70.19146381220413,-34.462810190500534,-11.452599062874757,-6.039794286257571,-32.67842576712305,-39.31871121689346,5.042929582807165,-19.826864487784412,-7.300526273372321,-5.043708319380713,21.623324894854857,-39.59083941364082,-48.9363207218087
2020-12-28,-5.411720828775324,-19.0223097731966,-2.530768298412489,-5.186756788751912,-10.590397432319632,-20.996888561668825,10.095275486376586,-13.94683155787365,-27.22480146195633,-10.241685801419486,3.384386574946152,4.324110790575708,-3.8920409609851547,-10.278160788305424,93.48605925660394,-32.52120262635192,-52.39459104734492
2021-01-04,-1.5597443215626616,-18.755933753193233,-19.96431468139641,-11.30656032606634,-16.492104102759463,-9.772971639379424,59.912863656640795,-0.2919705451646437,-33.32478682665081,-31.053603279722175,30.266326318939683,20.286903597379215,13.73090433562596,-7.326948841414593,18.42766669155047,-4.652273189124035,-56.86858495296995
2021-01-11,-11.423868601278286,-33.855946673317725,-7.382020569822734,-13.730774586177297,-64.14300652263603,-29.272083337580735,10.860157587513886,-22.157471117077854,-22.932090332340703,-39.105754991568695,-19.079128598575046,-26.077801124374034,-4.296349408983014,-8.323556943865562,-14.391777480993895,-60.703770810614486,-61.8058537076344
2021-01-18,-18.171960468689996,-40.595236064945475,-25.30845216235931,-25.42220784293905,-61.65535771432572,-26.504299824389342,21.714370546701044,-34.687394238828915,-39.833962122566966,-38.780552312715436,0.12085333645688312,-29.866036136999497,-21.751638423277008,-39.12479351991257,-15.268245836483318,-62.16131709560217,-60.071471206182004
2021-01-25,-13.912931275871598,-52.816553493885856,-16.01889228902653,-23.472483519314903,-58.37888115161298,-32.77030213563614,-29.80450113984957,-11.974030314189655,-33.95897403439098,-38.42051776755908,6.118026956720413,-36.64522320558048,-22.870111821840446,-38.565359584106005,-4.8975100722532305,-6.758210917968055,-56.174815353501415
2021-02-01,-6.158457037191056,-43.40313966887409,-17.36210741897559,-3.4892525588783085,-66.10512000397448,-33.79591322544967,19.86448699874861,-49.8745199973431,-41.76054847881308,-42.27821153739812,9.937439336350163,-19.116075507113095,-18.242926965568294,-26.122755376196103,-23.41767795637336,-13.72574863491096,-55.6475365623365
2021-02-08,-4.576676988373785,-38.387176958621794,-14.363873483985712,-14.879676074904747,-58.63366399658814,-32.729310885617814,-4.610385417626272,-26.192125034281567,-27.929251624740537,-37.56533893143593,-10.66937316440213,11.907264552317054,-15.46707705845436,-2.351710001016505,-16.145759656566906,23.254482342488348,-44.08578844483757
2021-02-15,-12.930254520706319,-36.117020631336494,-15.471619906688849,-35.12951756649751,-14.973175219694934,-40.90199675760682,-18.0010407344108,-24.054652903326712,-44.68927167598537,-30.96294136046017,-20.900010496226294,18.328927301647767,-9.134969163407103,-5.143615390788437,2.190137431123662,35.654011629848334,-50.42428653976878
2021-02-22,-4.227269622789787,-40.70896276734805,-9.988957876256066,-5.277460955585056,-38.35451596926474,-26.594664881024364,-4.964747625723309,-26.409237598277535,-40.182154603169785,-20.8057867173417,-8.968888543878117,16.26635022985099,-20.137676607674702,-5.876322062561822,-1.6934290739858082,-2.3842099868440103,-60.69691875535177
2021-03-01,-3.9558958437020952,-35.847691336238896,-10.086339571773074,-16.696273819551532,-60.65332747433927,-36.07298859099559,-11.817866308583858,-18.44095984682994,-56.576980636106036,-26.20966372294712,-9.227625873330725,4.7406593189000645,3.1499743773891753,-6.97025897510456,9.031218936067065,43.52198175659261,-52.81860146866347
2021-03-08,6.694669033218714,-15.881499885784,4.316495993894787,-0.3435668121581914,-18.491196418311183,-13.303957277510525,-2.297626827958632,-15.281013999988758,-29.73567956722527,-7.683756898243277,6.91367586639795,-0.24643462214991585,15.957925971838293,0.30915127419006705,56.50619275214874,20.960631959515897,-51.84533382860178
2021-03-15,26.38643421003277,0.6613367696068018,12.261528738155691,3.334093932533211,-33.2763253452876,-68.21439500251539,-0.5981292338857913,3.149441584499124,11.064082633141581,4.282143669670324,2.8781776380308877,-17.657512990644044,40.20918187181077,7.459069811579799,22.460188679889924,44.21512560906078,-30.30424879856547
2021-03-22,17.253766012752013,-3.7955966137574015,3.628562314409267,24.00192226358715,-43.25863540158844,-43.81751353057304,-17.323933092229773,2.3730294433922383,4.6622807708847525,21.916080396079995,-5.773408997108231,-5.784573572104767,22.49339308322005,-9.767523410164136,-60.60279280510671,18.171910848303874,-19.880033343458525
2021-03-29,7.721500618190702,-5.855918298310359,6.1585954116663455,14.41757554876597,8.771842098575423,-34.027746537470094,-8.861970064155011,-4.385319917532415,-9.661369897947637,-19.284534875570213,19.270124116462984,-19.223426501605477,5.834937422024056,-24.17975812198557,-48.61430444686094,62.94580737331839,-37.291120038427024
2021-04-05,77.36477884489238,52.635975265295755,18.217837708065755,14.920073409195854,224.87193650419778,71.56592293883055,71.19717679577295,133.04008469317714,72.34860979664077,143.12879831084828,68.44415610315062,205.14051361705015,110.07270423661825,300.88903078087316,46.579992725717354,176.46360790039083,45.22222688077289
2021-04-12,76.10700967753772,175.1519353438714,24.56675609556629,48.965895075303045,136.51875298084727,110.34360153393634,50.52710455398661,72.58045282487863,59.43466426905197,152.9968641877462,93.94398898477417,46.19154533736749,90.33601710594571,161.18567291774627,36.513639667495056,407.3795802107644,73.45498413262806
2021-04-19,35.01760748611036,62.29226720573595,6.175327696275912,39.964248026214946,-50.34049194938469,12.834156609553071,48.359399435294904,15.213826007866803,-0.1372995727390025,51.04884322375658,50.383482793080205,4.881650363222345,29.687639621798787,39.405248206842636,-20.535214235194353,127.70208105915302,32.24436773943402
2021-04-26,9.147957872874546,19.71576151320036,-16.00814511271036,7.862864823348037,-17.958469768473062,16.929529399151598,-3.6638437418799352,6.589067159915474,-2.237160826679885,-4.6397133156495185,62.75574831985207,-37.817067297897424,-4.550171011873405,35.933437138137656,-38.3604050769936,41.31524406204663,-65.20490514137992
2021-05-03,27.107817162556636,36.48782309646019,-5.344753721772399,10.523900947434717,85.27290071218141,65.76499637584085,23.316833429251325,15.09092717252576,24.07905415446192,20.889249742998484,66.97484529892105,45.170327784846286,13.308421891426491,32.16650562534274,-23.94947677612228,36.0457145965493,-4.710362567826776
2021-05-10,17.154546775747658,23.487548729601883,-7.086005245273541,20.07413956059112,55.57495273498445,11.50522919343624,5.3399289529182825,13.594644091181385,19.406869787895765,3.3323102025016427,51.68577456346166,-30.580348464698538,-4.877722276167695,4.933015490527315,-26.433478582650938,95.9668597961783,7.043446549575649
2021-05-17,10.796745346139524,19.635638289834677,-5.255061461305899,4.1196743420838455,-7.831247794551022,13.893058518083624,-7.804676927438969,3.184412088231503,18.749951833134325,-6.166457913661761,74.17493299781026,-3.487661440184764,8.661929929858436,36.72626866155213,-42.59061820458204,37.5183202079925,-13.961592317579473
2021-05-24,10.595192422213163,21.317172182456833,-5.039549140060484,44.97029928358589,31.83194047267559,4.208019073908553,15.449525694604628,4.641342066206189,-6.270115084071126,1.4679429613036366,22.318731386482106,10.313744026665116,17.900921608687327,29.62654600639143,-1.5162209526970893,7.06308701304057,7.325734673997641
2021-05-31,13.510870218585858,10.83222846831271,24.636523140660117,59.83324796854623,-30.169497901046107,-1.1189247814007541,26.005996037158564,8.266346130534163,-14.589406748665535,8.715641310760859,27.78060561015181,15.979327497750795,28.16224550754789,12.353449014390549,12.245611929858313,22.04694294112912,34.67520439294769
2021-06-07,11.33149492874377,10.701243877139376,13.225779596545383,13.632673199680312,-60.98979080618384,13.365313460931505,12.433222338061277,-7.29079760690321,-2.0532978108192212,11.666765710480021,26.814651806357602,-16.35158069992918,2.170633045315684,35.59309410668365,-32.679497516691626,53.82342151571664,0.2332188735031604
2021-06-14,29.049294324128727,60.62671456945763,60.66674070682527,64.97756965898682,5.361864385216331,68.44636071707046,14.22088095855023,1.6106366976317954,40.22304127911147,91.03569388085609,19.66522903945529,63.83229436833071,53.81391169220664,98.7094108433658,48.985392017650085,173.87704226878805,75.89628993294859
2021-06-21,15.665270361887874,19.055991859343855,21.979985739087816,52.55908224212702,-25.546576919511597,13.668768569670075,28.87368232742682,4.634620251588206,-11.29859857644766,17.14925742898272,36.3845656816739,11.690662353183011,45.72760415753896,31.84748018627388,35.541402972130264,47.572179892706835,20.51214762083806
2021-06-28,11.138851139006988,20.18849237562861,28.98097135262192,127.73029119118976,65.05158380934022,29.395437785085534,7.870137693942381,46.02168764880788,9.311758132319191,6.887418487205554,-18.142097337372487,47.63832418221226,75.79592595772525,18.017155279056475,-6.816866550740352,38.78984968444743,2.819315508887721
2021-07-05,15.990473389195747,4.502348161604863,9.803591690639557,50.889442981637934,48.29293106014219,15.202363222639903,7.801182053951283,62.340169503798236,-3.9073982544267527,11.746091522764889,-14.021601934117623,22.05749874139922,36.59323788295568,31.32665526805436,-16.23096761725895,46.71655019943337,-19.42986611067812
2021-07-12,26.3093083405614,7.670639388964107,3.0778181124123005,21.295090474824363,-8.937459217640543,20.03464654457705,38.58957009388397,41.05168344864496,-6.372415162622868,96.42945708133401,9.382241316431594,-22.93534231268113,40.06569848204826,40.348762637721514,-8.959599019882958,181.51588891484352,-12.42937978891736
2021-07-19,12.730803101398912,-20.172405806528083,-4.818814544539363,9.738013226524922,25.043096678597365,0.6923133906637569,21.332503333126596,32.097066781984715,-9.490803688868798,4.025092330746727,-17.373537512498437,-9.33183787724623,24.037681995163407,28.160051047522305,7.0761504996947,124.83672423670006,-10.85585094369087
2021-07-26,15.916238805328886,-22.98949716455454,4.521806522302718,40.11776062018002,185.8308164010952,-12.112923429295375,31.327036833645504,53.71780473494812,-0.3079991594908793,-2.046474969545231,-43.34719233637428,64.90186235417448,29.85522932358149,55.00236565911876,-14.23487518801383,154.89702323726328,-12.886256094948656
2021-08-02,23.976323979030955,-11.726974579667138,18.562570567426206,27.247265332773686,23.31737064064152,7.1688350949616675,32.512284755937394,53.100229690010515,-4.5753567811895435,-2.6612761752953684,-32.76065995450813,49.23789955321966,63.37924592060191,74.81184316869826,2.6317749512803967,130.60592442940444,-6.844179166581554
2021-08-09,30.21889353590803,-1.1231941693390812,31.30597598344922,71.40099902594066,-22.099197323632502,0.022238678551600444,75.51955837299276,61.05376988088618,-3.6362391251426707,0.7946804405482455,8.84897606536288,43.01079504308336,100.80653439110185,63.035871189043235,41.90680279582182,85.51278569238418,-7.155813419501744
2021-08-16,21.472438400311056,-7.991742647620392,4.995904021950159,43.72254430244973,-2.189383785117338,-9.674423036393575,71.97891073507515,61.24114969504089,5.632070148704571,17.117384808155034,-7.397167913482317,55.81713294166062,87.76376662594775,39.88083266864828,-2.2019029607433183,87.20414148168516,56.001722088809714
2021-08-23,15.76796077244329,-16.68419404321576,1.7939645988785502,-22.521991970973087,-11.979085072170781,-45.239779798433624,39.60458916399061,37.369743259209834,10.987691577656955,-16.450021577778273,5.658758683986709,6.053287829725984,45.98225113643857,26.770360048336215,17.85409239013498,86.28460170335426,37.97466127371085
2021-08-30,21.12854725589701,-21.023123173837455,2.9165233106869692,37.87334011895962,34.699682212370206,3.3868258508682247,42.05480556881367,30.922423704921442,-0.3332506027403537,8.10953876431373,13.875248576289657,191.756771260759,47.65544411186975,32.50308089924643,-17.780526757594885,150.76895453887582,28.438573257148203
2021-09-06,16.767192026388344,-13.645629049947894,2.2539894749558975,44.43770477129545,4.053682175148587,2.6247172918544504,38.71413489539399,47.7759118009524,21.845180881266813,8.509913953717207,-0.6588298905405354,23.937133825125922,80.31078894157271,50.52303359789552,5.1580524755658885,90.33689425281412,25.322265376284104
2021-09-13,12.930545304086616,-9.790341816942838,4.386590164020809,39.40165591050451,39.91645046488357,22.519876210368373,40.16476648258658,54.88054156808364,20.75644871683311,11.185914562382425,11.234613662156988,63.22094529565487,79.10398452361662,29.046548832516585,-2.661612852791184,58.4298668690102,76.2192725591826
2021-09-20,13.656031957683435,-9.840340311980555,17.39587755660066,44.82365377184963,15.902380379575941,36.780304722231705,38.6616870215702,50.74513136647836,20.601064867096895,45.01719670684328,11.627044714357936,79.51672524229303,83.45222199261157,20.642445247202623,54.60733318788505,74.21924389036774,62.505213008492255
2021-09-27,14.529033491456577,9.838255165034692,18.185568646448136,24.806291129293978,30.87403059166054,44.169334110322865,39.66143288991388,-4.815227542135448,15.300898408176167,2.7714306745397543,20.922389078375737,99.5066369398443,74.55220385988501,-14.921632038657751,7.314894547048434,67.14279631659154,84.81889215277218
2021-10-04,3.7198156256618153,-1.7534389006412465,2.647908104594099,16.55899237078138,179.79970195369646,20.132281237501616,18.4230506305475,-9.448877073077877,36.674052544386136,-1.9290195798561283,1.5207006392938371,14.627028364227733,26.251737470566127,-27.53665068700437,6.781511961201092,90.37047456101057,33.36898979572753
2021-10-11,17.187295834388607,13.17193097269833,11.377019519996413,51.011424276144226,109.48526534417499,35.012502258542554,10.226646522820126,12.430087684121016,38.779358382719394,12.859191400202995,17.690591472941698,23.458634389598032,37.63465403975452,23.436510159987268,14.280345530365878,95.41646732760347,-20.11210417963525
2021-10-18,19.800952570215568,17.978076400703856,10.142060727179981,40.84261316983056,-3.7286044860060596,1.842631215797419,-1.5779893081686036,17.503520395006934,44.953983458231185,3.0928817310640566,30.855711006220755,25.202378637786428,37.615454112620306,10.26399611358666,-21.894512434541646,44.15386457789718,30.834258306436958
2021-10-25,-3.6743199624067135,-66.54259031867646,-47.1644950268351,-11.422098031088456,38.427659549909365,-15.740494261579407,-2.001539189540247,14.79549780604188,-30.83277313367786,-69.92378978779846,-10.974142529504638,28.20201426051876,-7.9580694828827685,-31.04982972147091,-21.615327686334464,82.69633387336867,-1.270526508060732
2021-11-01,40.161384300360204,-5.140684693332009,-2.373091480024947,14.751563318198023,126.2765748441677,61.60535389693027,29.534850067390295,90.27489112417409,50.51083599548238,31.443461263697237,11.53729145817528,39.953061524058064,60.39643268825892,3.789465150706395,-11.459591750173171,127.09279352038135,99.56291795441834
2021-11-08,17.316889361452393,9.775340869755155,12.977722824802584,12.979639131211606,37.33468092925951,30.077751083659198,18.730735111294862,23.576066698348864,25.749987785952342,56.23143496255769,-0.7650010333227097,23.51341254119108,36.83944608637783,18.652578344162297,-23.441866359865482,126.2758729578353,30.84796016452398
2021-11-15,-12.183833165194535,-11.131589409542109,9.424253810556028,-2.6173826338817263,-20.321334758830144,18.297532105290635,-1.0336066969946933,-5.196343334701281,1.4054158869166944,91.7283619296382,1.9377045673378612,7.08493166084021,29.539110538946268,16.756625174238728,-63.001340854896945,95.80270744576767,28.03918064836559
2021-11-22,2.328143602317634,-4.973590417210749,0.09190968833310276,23.60344590495629,-9.846051680121871,-8.347601427259043,2.606221308689083,17.937245064698338,8.476255698264712,34.28705551411859,3.0336356811051957,37.77403171758067,34.93683216159287,21.025572309066565,-60.188033074462844,82.28614162753105,56.9796112957454
2021-11-29,2.1984244777540463,-3.91963122012724,-5.184907801093286,25.142318457651626,30.219547796561976,13.843182844876178,4.794854423201245,-3.221375810596072,6.04214706523829,29.996140938555694,-3.356286532193542,14.368188730907505,30.794254874584205,31.10596440591742,-52.141602212811456,131.73401466133248,30.47550473327256
2021-12-06,2.9560740708142186,-10.828274865490572,-0.8197890755486714,25.163992173218187,20.300204532010447,11.984474070237528,-9.354023076928664,-10.647082804144404,-5.363000659962647,23.403618206355926,-5.415476784882845,76.64739989691319,-11.993576160295971,9.301002859284036,-48.42169217917353,119.74160008899082,0.8629718116042406
2021-12-13,-4.315744904250451,-8.47493724739089,30.72203582391606,56.06054606675228,-51.21542447564265,26.85414293181858,21.87074616347333,-21.488408279274985,0.9447192774457269,7.827911051277181,-1.8839548109344517,55.11463245672446,-22.299681326351696,51.51794680009243,-44.15080084926301,42.16892687685978,-0.17468571961742896
2021-12-20,2.893560714942023,-29.01326637919248,13.914194887614961,68.31638311477413,-12.407763542899108,-8.750970672558578,26.630095832273028,-25.149523431576316,-7.9035261622729225,-12.148170898648203,16.006526405421372,70.32733137594988,-18.836016039001702,19.193338399073735,-45.21066188408548,63.107797992069806,0.5716861031067166
2021-12-27,-1.950647826947871,-18.769430871714356,-4.211677037718586,-5.955071737336038,-0.2078383178743981,-19.895171122776745,-4.052947950482755,-21.748053072557948,-19.383576835498907,-36.41969764944813,22.010641677354293,40.15785898661992,-16.336779212537778,19.5841326247856,-46.85964750878102,36.64067638868425,-8.466459840614815
2022-01-03,-0.9808385769885519,-13.242233114145364,0.7282425889598931,16.52783393222228,21.61349055046553,-24.648252549129158,-51.36941907800825,-15.862682828820807,-2.444648069474431,0.7875819666295802,-9.285840365922205,20.22303884940475,5.021569128141268,19.0238097839837,-47.09830179006865,42.51048712416377,4.933140756239429
2022-01-10,7.084969320212098,-5.940125178425459,-10.340749023082918,-2.376260838090083,84.62203666795745,7.529839466739707,-30.244775021206895,17.82788568481264,-14.450324161339756,4.03259988460265,13.340882953239852,58.12764748176444,6.922966505455186,2.2935306675644807,-38.535503938432484,19.538314423224868,35.21180652967828
2022-01-17,20.027984399111244,4.713817229440798,35.669507990756834,9.65447326918576,102.88791233133603,2.707708891393712,-14.116254313569755,28.26930028342065,13.299659106906091,18.676809438600415,13.984011813983832,76.71312620634893,31.12590337834853,86.93071132420013,-32.90888777165492,80.90038707695733,61.01711210378626
2022-01-24,23.599521429098182,18.75277056911644,22.926379986172442,28.96386483884521,87.33109901703725,2.4111309446539497,12.696991800235867,0.6093349151497618,7.7449166646117895,13.762855443244426,15.875183300830887,46.48118990865457,46.92344049456943,80.35702366751319,-13.679798062341764,50.13208649012255,59.1914950488122
2022-01-31,31.877893684283244,2.473790880724258,23.890232889914277,28.494808404039816,90.90344586026917,20.695278974313226,10.02303073270685,32.043025645064645,43.128822983305184,36.86157200892761,16.814447922197793,63.387965897954544,50.74014588552955,48.95621843955566,-12.268809180451235,104.75106345142984,103.80305335638388
2022-02-07,11.29065929330011,12.419668889016888,-0.21070235362241618,23.340597678848575,45.98318403925292,14.720003562272899,19.99814307850776,36.34649694310572,16.37854093296154,37.787908394871295,23.22259740486441,19.10413361070229,28.70924531787933,-2.6832848831116474,-16.746974691798698,31.374673181081604,84.23713129202892
2022-02-14,16.17663351568941,17.38677580158312,-6.979361021018837,19.556667292454954,-8.339909216652885,33.555888339209794,33.80116595217817,37.89786095810743,50.13637293901962,33.948485909108484,36.941957291233884,26.47657090032456,23.065093322232944,20.22842518847401,-15.488317563557462,17.555225715557942,78.54739669222515
2022-02-21,4.166324506247987,-1.8730902197722554,-21.733325890726597,-8.23706622807271,9.303572220274159,1.8967182638393698,4.414987644602064,36.480272643193224,98.43898388581647,19.093682941970624,30.32578713748091,15.024625186508489,53.46904011020599,12.771747829800306,-1.5137789930293466,65.13014575102045,76.17094296838258
2022-02-28,1.9784290312381048,-19.037659753597858,-28.04161284571729,-62.613064907212745,-0.0012333370343564631,15.775252374244065,0.39203216929706297,18.857146318240716,23.27407449076244,41.188235170437615,5.384461786633077,40.15902280277497,36.57905350455668,39.77201622552498,-17.401746396741412,89.78670146827974,73.42617605837201
2022-03-07,5.196890193283399,16.51513996709808,-31.352684666808983,-40.46583945756602,3.250380411090714,1.928448392455806,5.086278470055494,34.25871052734855,40.85476017135332,41.09271370007885,29.58972447096173,41.91115983556226,34.42199775271537,22.301747655801506,-39.437428538490806,57.018393614671666,80.74535718580249
2022-03-14,9.482512117782015,16.87828394586013,-18.48573342047163,-7.230142494750524,95.37120679530094,14.615873749206143,-2.799461470330189,32.69440125417646,21.19757335513228,24.435043568756896,36.18886099328957,39.139299289655895,31.619997212844275,36.08569743707981,-15.914456829046886,26.19938897832348,162.09520165851413
2022-03-21,12.627402016044043,73.8012529536684,-11.625465427766935,-22.049289598499588,89.63560069234688,16.909965411310047,25.624992415805202,33.05003997304146,29.384715881455282,3.378853656478875,42.688941696233606,23.896328132773004,24.912156370881466,20.46026327572543,0.08867144544710825,103.03472675235685,130.83971462672218
2022-03-28,27.08214609318713,38.93072453158344,-6.047995876199941,-12.985823989282197,146.03941087872224,77.9402532111972,33.94841539189104,25.339595629717525,39.201197309174304,42.71908334797345,56.171286641535566,94.4375550454213,48.17866454423043,8.976767117150874,4.451943157008786,33.47106363518386,184.74342873125397
2022-04-04,-21.180489133070136,-28.402223436743114,-31.94111496661779,-41.38175911125527,-34.111820064148176,-12.757484704931432,-41.57609445897381,-48.159217480380015,-20.921870376094397,-36.568488436280965,16.86582535212342,-51.14293836849989,-33.45579188666063,-75.13340682558251,-58.85083789171268,-7.864067261658314,49.912219298978336
2022-04-11,-20.824038776124898,-48.471529357402545,-30.743697273464488,-47.07683959856157,-35.93178681132486,-32.7912190820625,-12.070497228697008,-11.215816169599924,-12.83861200906503,-43.47696822840711,3.5350679604339463,3.7285177586873663,-3.9043409169165266,-53.94747000181429,-49.079611332123086,-43.1756878176579,18.525236217369525
2022-04-18,2.1307888371737027,-0.24093558298463602,-20.91118056450454,-34.26706685635661,211.696214500115,3.9607309933588075,-9.154324277052673,21.554194250889225,29.463608821796594,-27.640731663884544,33.23889071275279,54.994080386748664,28.42756273486511,4.363929329513105,10.194016100858171,6.469192444394234,73.15418535813637
2022-04-25,18.463862754899864,38.68316408687649,-2.661225196193162,-13.800635724534116,63.625821394657756,24.766503506864048,8.422912346250389,43.00762405678809,30.177909752556097,1.119947794192644,22.5143220206766,85.38639376331598,61.31757169444765,22.86762622173313,25.413012860038297,58.73543849438065,157.21055493734033
2022-05-02,6.740770497522708,35.14581105068058,29.49311377986581,47.81479697138107,106.10336025085499,2.146836250204154,-22.357256942888093,72.48583215135169,23.440460648607896,13.427579436697702,35.095732114901026,21.436665263357103,70.64104153452146,23.801330815425548,40.21327034179154,74.08524113832011,65.04610206490644
2022-05-09,20.359792122732713,58.06548028250713,8.703887739776972,18.011879922765296,95.58029654839393,39.05311699717933,-3.974621521619881,69.13934457966798,22.762621853968025,25.33274623889943,24.76456290833875,70.1947625104848,72.6206768233163,66.69288032240132,43.48035708908349,8.700759747316855,136.68551787050768
2022-05-16,28.168391676963743,52.91503899477914,29.893433014856917,95.20486150903223,232.80576333377127,108.51372096339614,9.263448956260035,98.07465521138727,53.51792618169413,77.53678062295408,17.59631939857198,82.00390384422977,95.39132839368834,57.116253330160106,65.4046202120178,55.49167701459983,168.92654920475798
2022-05-23,24.62650574944274,64.20101207870424,9.069266080196336,66.83033884586354,53.27195483719584,55.33015057421857,-6.1673204998471505,66.771234491896,48.58744267057871,39.603124370408736,25.614598880036056,55.67027531886879,61.147395253985806,28.8478108986687,-27.006647298684673,64.879448346901,128.24040363867115
2022-05-30,31.528343352473076,91.6894834263802,21.61025254093478,144.5338655511146,130.20147699176533,83.74941643765972,-8.816560372551441,70.92394649216256,72.18652443397002,40.287300278288996,27.649633542843112,61.844917884345186,29.75608237875418,49.55956279249871,35.0673444343857,161.2825557082806,89.40396079181512
2022-06-06,29.579657782004574,50.619361722735775,24.445984063745364,180.7144524522819,95.40089029915646,48.56717738123943,-0.40299850720877384,86.59624070085594,60.77058997197919,36.904402925798195,36.23349343229818,99.93964538505627,50.07022552427254,41.80638409153457,89.17701327120626,65.39818611907076,142.85790282282505
2022-06-13,19.87640038275067,12.545863121453982,-13.749335954379783,48.36383019421226,42.79350338185755,-0.8272102113959678,-5.068167332909546,49.46561689847171,11.690555553265103,-22.901550423671967,14.733205143616601,21.15633771868497,7.409211803461968,6.044891474305114,-1.3049228084523135,-3.241838003629649,337.9027663456493
2022-06-20,21.98927427996551,28.502689067076737,1.5766947306008472,50.54861719250443,33.93439493871651,30.08396040285728,-19.118190787835733,34.19591933010842,48.40589443073131,19.139652272235352,20.580701796266965,192.79563274885177,3.937007363118039,70.22259668920591,-10.861902142989177,-21.764285373124036,93.04376543080977
2022-06-27,27.626921626764876,44.08382145876579,19.01796035048495,26.97035090673441,31.704015093918226,35.926808202361094,-0.7208819576496439,15.586008985658207,38.13005756432166,47.33215761684724,20.992248681497337,74.13853625936243,-9.216945454811675,67.58561599254094,18.57523989073806,-10.62763468667034,86.2768607624399
2022-07-04,27.82063280835829,62.160019868873675,26.839954841397784,112.36607947328343,57.55135918527945,51.474560639959876,-8.262950374043,11.723724190660544,41.896775666432774,41.46485942195388,13.263003677294606,187.11493706711994,13.410831793152301,61.804362295822045,11.27018704918543,46.53569631087247,133.28676725977067
2022-07-11,36.741716691930826,82.45071083772974,9.89392886547531,149.11492046935533,64.55343827209342,52.65852864589557,-15.027928191856155,31.565298462761415,67.62249153228836,-26.996618864133602,8.819349071967153,215.2159467461038,27.438193436205616,78.48274010265553,166.4162603616004,6.112529817032852,142.35973755761916
2022-07-18,39.20906175753438,84.98518525387621,21.916434748425928,166.49515283133977,40.59375733507225,91.14880751344853,-6.6066687772737716,37.4233405269242,44.85638819507143,44.8880141260052,23.84376310382439,343.08501521397477,37.626271656635964,120.80813775898243,50.35748123860579,36.80819646850808,124.02937355124651
2022-07-25,29.65519451882446,78.37057477262563,34.31974882691882,126.75183397602639,-15.868909178491064,122.41064086056306,-13.38351751584026,27.230702302873787,56.39219905098034,65.55000510552587,69.70424919429131,161.809094903103,21.505684977802343,30.775682486434054,81.97188944368558,4.0368148435223405,156.2809100331925
2022-08-01,21.088908086453163,34.718627636962964,26.8809311005511,126.82339371223357,51.89065092328027,74.5360132948186,44.01189786496833,26.369127594008713,81.28402386124756,65.64736539152003,32.20454606624115,291.9411318970714,6.422350153422585,58.033139379511375,98.91941342546488,34.654729023639995,179.145943348643
2022-08-08,15.61220183732126,31.213112894304462,11.254018447627367,124.96608165919719,79.28895065703989,87.6332984998879,-23.086629381482847,17.87819232641987,51.79343690868761,49.49685897556797,2.590215413119812,156.61484537547102,-5.899630328819338,41.09151641160218,131.34966307203868,30.845369106967336,146.40430442159192
2022-08-15,28.979262024105857,58.374186420224646,31.917016238909348,90.94371688248823,6.2956329512365405,121.45506153627474,-18.8820820700209,32.75362957383749,52.49732068594912,78.15824663057724,27.35913992644594,162.26715194917838,28.31578049249377,56.00841292050287,119.89603712011868,46.002937231164175,146.7730005394037
2022-08-22,31.051869217675865,77.88280408384294,43.78320870458501,155.13674093470055,53.01797787299063,118.49826321558936,2.3679058509165296,55.942120240430306,42.84486981937088,117.7161589251393,17.136790530672652,185.4114511645346,57.5233723955932,82.42003318665299,73.98201739108588,41.10849990633649,104.26003945487582
2022-08-29,24.118658725658815,87.62932575309222,37.73089575274062,125.50480905295163,12.804417440210369,79.85130278149111,9.029389251276632,41.7369335145773,23.695207164603428,65.69695078688005,-0.896870750703771,-11.962772629269248,52.51688984669429,38.75219696030865,221.90030712370455,29.21206760774604,100.06124180309608
2022-09-05,144.17053699678365,624.2656999471276,114.60098534223118,187.26941438549477,325.20112928341655,401.9927524582408,306.13009867120746,274.34506386680675,280.76917847271733,446.5349831086093,207.16763119452085,345.7145888756794,328.6636287361557,572.2763319057403,314.02367306483427,240.95927351690713,518.3876966188161
2022-09-12,161.85550269763448,437.7631815660354,96.65824280856768,189.43982233870602,322.39897228467925,350.5614501901296,684.8178637689352,264.87183754511057,182.8155238345352,485.2244720163003,274.26523497181057,230.65540440691223,247.73166783985153,557.4355850000235,269.04093311956774,449.6997034148155,282.7537031469506
2022-09-19,45.33773277978233,120.2890501608581,5.8188001464089645,92.90745935253992,121.91475929174418,73.88403443436047,110.14512900937396,68.14466921740367,17.005924932192904,70.59619391070488,111.44885910463769,8.66021977457725,61.23745535037961,148.11526885187197,91.58559464110898,178.89648635786367,112.48282996846596
2022-09-26,22.020417994575393,48.73969093774975,4.227260211689932,63.78094045155422,121.4458454097362,32.15245494386969,13.782349577103536,29.754101678471613,13.119357200110038,38.005993540166784,32.55116260859956,21.199797437273116,8.253009640346342,585.0116089936602,97.94567966273459,122.23805060765179,69.03330487020101
2022-10-03,22.155246893891565,55.130701899268985,19.545010954078123,80.25682590433534,135.07606824889257,27.584663758928475,6.729658240412606,19.204707645981166,4.714692446789237,127.92410323637142,28.257130882514048,40.39731926465002,-9.481130212869115,33.56149596900182,212.226874434332,175.69001153476637,69.87954684154923
2022-10-10,10.965373479663153,46.44679213679925,4.634991910326325,33.51500700113854,86.95702572845762,27.92487576390188,11.489658452605811,11.819939952235048,-12.509652303287899,43.328758989467865,18.32639002923029,10.915335112587332,-12.394305637621361,23.621761390237104,20.159050467675165,34.73152475568047,55.694889204333386
2022-10-17,12.72454503156235,56.69019432438209,5.026023517829237,61.767344025759584,212.4072397722122,43.20805240395744,8.520883065255802,23.018719353680627,-14.132131189247755,20.67534681883545,3.7786439210791833,9.063604616130938,-12.74821677297453,9.592777301524503,84.38119803270922,124.67287600626422,77.75489413649271
2022-10-24,8.547775357460008,54.767005916611765,1.6170188702868904,37.82711003977861,83.71015498962342,12.669741921354793,-7.440307865585716,9.021301269282155,-8.825084972237185,28.349892658870736,19.489422286751747,-5.620214507689125,-7.172344302658584,-1.2320170934523977,74.14589327958771,37.64613543890971,40.81168383880567
2022-10-31,-1.6112875705099228,36.4713285575317,-10.564484497477933,23.657224892392147,151.3939387886399,-14.945773981906108,-33.22733942770921,-14.678433915322032,-29.689721544136603,-4.915783196842871,20.298251819295853,60.062015254026214,-26.063347063307063,-7.465746330754531,25.094962259576302,22.71248986007086,38.67688457092171
2022-11-07,9.863334768317777,50.038802158884344,-11.695136469151857,26.209091388667694,134.90020137779527,5.337798568329455,-22.061298554915922,29.521330910978016,-17.417983443001038,-10.08942619122848,14.823330172014293,-10.566211582041385,-8.653284182849873,24.321551839029667,12.517620561488352,24.020132494540203,34.16703062671691
2022-11-14,19.996671325482616,79.1235122586752,4.70678532801454,30.176579991924314,127.09000886242094,25.707726366713835,-4.2700807024176335,45.55032062397382,-20.56117713242589,-27.04891753320313,23.96260307298239,-0.37608215850803983,18.809842298216495,34.08171616052525,46.63265149985052,12.877106042066622,43.79771968949835
2022-11-21,11.840263737503331,35.85820285241923,16.708452198994685,34.03645204935992,130.20827317739077,45.77216776347313,9.990426268316055,18.518597859666986,-23.307379764231626,3.5397795785763186,22.141760137180167,35.39647740580767,2.5512112677016363,22.45554096954343,15.31905802881941,5.991288728371114,14.188888065244987
2022-11-28,4.255596250800164,42.17836560445838,5.260566370911324,34.221728359147896,138.23027774412915,25.571252120850673,9.660434768206683,39.29273422626318,-12.551091734703757,12.799537811458151,15.543592411950335,-1.429117751881226,-0.6595519720998033,-1.3702016886490753,-9.587332114741043,19.142196688251833,41.96121657317744
2022-12-05,2.3430353754309463,47.076310737833914,8.881545141261405,39.27822781335466,130.0011200772961,15.345955729414928,24.416196104920452,48.31930095659078,-18.58246514228793,33.477364526470076,25.628009280867857,-13.055140773335117,7.4631221744999365,31.51787582472314,-21.14547043544904,-10.804269854486027,67.03506000817576
2022-12-12,5.740534479158965,18.139828352412213,-20.27354163126558,-5.752725677080717,171.67359331476408,2.6028798291022115,-0.7492550473687465,57.27948280197488,-17.029002275002526,69.84981464759446,26.330714196940196,-8.799514934440234,50.15883509994738,32.34720904664847,-19.350835111066857,49.37547586137854,55.73613562294215
2022-12-19,-11.996992400153605,72.34184661194858,-6.124947962307492,38.22325520105125,141.61400428945484,55.31768831797827,-10.094829242425874,96.43953358859991,-0.0433219736886481,109.63360161352415,1.4357311723011135,-6.742117969323402,58.82814994413048,9.134774526405142,1.7567155011324553,65.78394293130177,59.10372048453962
2022-12-26,10.691436504195506,61.697233008169675,13.55664276746018,146.2350704967275,253.2416378122409,71.93762590204626,17.374370503665325,83.78336690344295,58.452671865082586,89.42051722649948,34.63925319268528,18.153943800477123,108.53246362492403,80.09575947968199,4.496825578873276,108.214880389303,101.80744615951478
2023-01-02,15.73796501459257,73.15943672292038,7.522771963101982,33.19192524021404,208.45376254407202,48.241559575793616,23.338417902151964,91.85673032937115,10.303864695321874,44.113285518574344,15.698128952410917,40.775298408936564,20.881546538419894,22.147708478024498,7.868339685347769,63.18438574204504,132.70794881533922
2023-01-09,11.567231602746197,50.04844294428725,11.202129411601124,71.7138727232885,61.21796416548426,40.637269254807464,42.85650169219109,46.117325263665855,1.5872999971560997,52.555338603365406,19.929301523678422,3.036097656832637,56.832604203165246,29.5963559024107,23.157762035923902,41.192985052732325,91.26909598165629
2023-01-16,11.680958318068324,71.68100503849426,-0.11267933107982353,36.47786189009503,352.44241372794886,36.935772084191385,17.32023997736789,91.59368325214206,16.128517261996333,33.06517751817233,-1.0628101686173008,25.24946668197845,68.21174665043606,-5.345610776002108,24.359347333569282,99.17750625027912,82.07984591427133
2023-01-23,15.252659273845182,64.5722426644022,2.1177117544700863,54.54574658266904,117.7885104420668,27.523261831542722,6.544293109546184,79.1699662819214,10.08372323940443,39.300527006423856,11.58771200308999,-2.3500185524906514,25.623653508314213,-11.211300436279615,-8.843205592468816,2.3337934883134848,34.239331199769985
2023-01-30,-1.2285926599052477,79.59224294682039,-0.20476828643090084,36.02268811569904,106.46418123803234,16.013287829951327,-23.718116492417707,59.53333907727443,-7.764623689843808,19.156546577429644,12.141578073894554,-9.113458688613784,21.573267097464832,4.546733625983523,10.97138855712505,-20.191516277090916,18.90469478019785
2023-02-06,14.297490276847169,52.7065174502108,19.494817342592906,17.7331763355558,140.02421915169717,22.083285961480257,10.601733575175732,44.90600647138865,11.323714329591006,-13.712407312555918,21.695721695357562,-11.026216429714486,57.24297904449727,15.17683473618614,-51.98256001301513,15.358196058963491,9.512620321989807
2023-02-13,17.36549294048013,40.30072610831128,25.464182957954296,9.396750818612265,146.86121073387395,7.215049832906684,42.194509563347694,40.73893172807317,-2.7989130933922968,0.5826486373021744,19.37350679272185,-12.957012698008374,38.96097662575928,8.83478817861636,-38.89506141254849,26.99364663930277,29.971207576113734
2023-02-20,27.969970779447827,109.58171279504785,57.59044646908824,67.33804497484057,143.25177912041696,25.38044820877403,13.843227806769809,55.18232528954241,-28.51824972186654,15.36077475246822,22.34381400156529,13.788280609124847,42.49436933397632,14.634849797024652,-26.92017021406614,-8.013311292670643,62.59921078391428
2023-02-27,31.20544441629063,147.83593001973352,63.73340619680678,276.77284682337904,148.5139464948661,28.401895797133324,43.24122296319508,83.40317883168902,18.543696448958926,30.072177193657225,34.76370901192478,-17.334408785350043,42.99904589512376,39.41395644804431,27.72624617251862,-12.31237963508014,59.86459066106193
2023-03-06,29.067707717986814,71.48127665408033,64.64293419662856,207.51727881171757,119.90184403741515,37.568956328107284,19.038743553322913,63.08402113841203,12.603824325591662,11.082434506773996,1.8041606039174818,10.141723198820118,40.82140276640578,42.347187390864875,-3.3194398640227885,-2.902674362129243,58.7189877273627
2023-03-13,18.165483120866767,64.27316489801092,50.919466335478056,80.7826004407451,28.35043238975996,36.16456445390106,17.5768655406227,38.58273951543059,-0.9794206112242243,14.04791891767112,-10.958096679070072,1.7155360036367195,21.129888061240564,2.7134829009309858,-28.3772318017991,36.04864059044664,-3.524859064024166
2023-03-20,23.250371236090817,14.526026968233241,49.591766236732695,93.85897607243167,43.61097058801637,44.3556593070505,-6.58981708913603,46.284098267310306,-9.706388463249937,6.127229406338941,8.206699106853677,10.867328503382613,52.08727826429374,18.046273354684715,7.0071242856376115,-2.399800883119707,23.797164549357497
2023-03-27,29.385732519779893,37.38778073244939,33.05085511532895,22.5921610792186,138.27922387877805,37.483060184865316,21.891776304788312,76.98202188660777,11.66633318468351,35.24435270016606,-1.576558615743584,0.8678989396396997,40.54684626175524,100.46468500033643,98.09767524328248,57.44926547106579,3.413542989450158
2023-04-03,15.469859615551451,30.673371482784304,56.609486392304035,41.47833563601546,32.88813942424158,25.611825495829876,4.864522334713062,56.28661829195774,12.237131036143435,31.234668707242676,-13.845357002010738,18.180060747475203,42.50363152480499,37.87151304287726,-4.45509318846945,-0.8159188555488028,-2.0908595367042704
2023-04-10,9.840721539462361,32.123922579600105,24.511781228750973,9.136298133679087,93.84749684978064,31.692666722426456,-4.075072695670723,-1.4732483916296668,12.685963098590625,-3.102454899570062,-1.1335898320699256,29.484991285214335,-1.6432272883650234,29.441415107377388,-5.9255748753702875,40.52362730083659,14.360208086485216
2023-04-17,13.650962770921126,30.5321900800259,25.17468180418636,14.614806508980616,-8.62948622094234,25.522363557790563,10.01295693272304,0.8844946507378548,13.01999808337737,-4.9311029752826645,-11.567820865425105,20.56797853457406,25.0854983505455,21.067307770643716,-22.618055353049225,39.02280015368109,3.8709195161473753
2023-04-24,16.500831063547384,31.148500820277313,30.54847452580556,43.22923822435134,36.66879826880371,20.253493496582585,7.979011847185613,2.688382127754707,2.932256714346515,-3.5316912332892247,-0.7239194077477973,17.047496441086363,18.595368233430708,28.9183069378538,-22.170347642450295,20.71136364088748,3.326582848725157
2023-05-01,15.01352286851223,37.306161983510734,-0.9302683726504002,18.217322389601833,17.572793353471038,4.042636543578548,34.86004394333666,-17.217277422513146,1.9596150209434615,-12.35947074771322,-1.6065541061462407,9.462182205056324,8.535135059691324,35.38095001751649,-31.59972822585262,23.281645820134344,3.800102795654836
2023-05-08,11.110489432132532,19.856653581840256,8.975328717431141,15.094890778375024,-1.815496585789489,24.690005944606686,38.20779584012275,-3.570362441415942,-5.291980676903529,4.488079625954633,3.9015858213340637,8.132099990786458,33.228155678638394,32.7102192638345,-31.01639055373715,69.65195191344134,-13.376421593847077
2023-05-15,11.308934925792302,28.064449928765377,-1.7308934674780563,3.0870343459483696,71.52301313970287,-8.161724228321587,7.361177971975441,-0.4148645418421415,-12.442500058273719,-17.18828258671924,2.7508102645754207,16.613572144161616,17.99603061353301,19.32553919620399,-0.8340708198751323,35.78898598475351,-3.161350054420775
2023-05-22,12.312067516834468,3.3655745402842996,6.877642571443676,-1.5805697268904795,5.172810846912856,19.906805311729393,15.486804229813501,16.551997225838555,-2.70185721540368,-6.896019823086008,-0.7521635374292956,7.284575956324546,23.33437654177053,12.571006702413845,25.78000051131939,64.47163970904927,-3.2988062772683735
2023-05-29,10.451253573458397,0.8422533120094444,-6.083080081851156,-43.10834353307943,-29.123818198952346,1.3737106265058197,10.752302965381254,-7.446112055201182,7.609376098924381,-1.6735618768460525,-0.3952936854948019,-14.312832274415433,28.132524769490885,-18.967489981332587,-2.901953331972451,20.290436600365336,-15.173769116107916
2023-06-05,12.517727945452496,18.157940515024883,5.5513186520355084,-34.03375473351012,-18.83651006784264,16.650474554541383,8.594321165630125,-6.328755248784779,-13.7727872517445,-0.3845916766216817,-2.2772410275968658,-15.655603671991425,38.938485521044264,-9.283904978914482,-10.785722264996544,60.61765769937424,-5.942690513895499
2023-06-12,7.639406403142979,28.372173337088814,0.9829182946573756,-15.253319781674236,-3.834860637136872,14.236283944235684,21.83521852597965,-0.3289058439035042,-5.906271366177441,-3.1471629157340364,18.198904815398144,-22.56456742131534,10.5230209021975,-1.4690022837400507,7.875446016569776,53.3949996125973,-69.30814976035016
2023-06-19,3.425982299769914,27.625227474042504,-5.841407809838173,-23.33864668505703,-22.972135467244836,14.556692873286647,60.092340550869515,2.8192956458789276,-9.149590830307297,-2.2591652234556725,3.0239250308994103,-54.852141285882475,14.15011479109165,-4.61281491918678,35.370666388581775,90.04778259534869,-3.336876232795738
2023-06-26,1.5184399577394592,-3.3487204874673604,-22.638878999483126,-45.18654993467297,-25.850984183775093,1.9829298994185063,24.610997177902426,-4.831095128163487,3.097066359060263,5.580914828782957,5.304215891554764,-34.65672332042609,4.526466517870831,2.5161822997184835,275.19707208812395,115.80813193897556,15.146768675652499
2023-07-03,6.603366036229108,18.091744266692956,-6.851119548246986,-36.25804902247881,0.018196127049563415,20.21934778343464,32.67357753773634,4.8953231293491495,1.2066885728418075,11.949307620124848,15.15027056874796,-39.34723909213268,15.784356117394394,18.217863678533753,172.37891346986913,42.49638224023062,31.563117908646344
2023-07-10,-8.383124078197424,-2.870534312958972,-1.7586456465371159,-29.170972001371464,-34.824239913791565,12.231294269177928,12.364139775856376,-6.991867371598548,-12.132835084364801,6.1952871029913315,2.228920344812013,-46.3261606833388,-1.556331260672461,11.983616385768524,-25.21088044823161,60.747579427976575,21.285605072124604
2023-07-17,-3.071207993163072,-9.671065027804705,5.729354097316253,-29.91078006222816,-17.083076690221432,16.39530843157948,22.017183715991308,-5.2913904734551265,10.43813257314592,13.43797487198617,5.609702742794442,-49.54823334159049,14.676441207286551,5.854587143985501,47.86426162976678,264.9211876942072,20.78413770081977
2023-07-24,-3.411156988875408,6.21717981829093,-11.351711949241993,-44.800822772451184,-32.441120111806654,5.613581690108349,15.103580762368264,-7.035354762073453,-3.475365920186546,0.3613214701429168,2.2810818454903403,-55.75775137007295,11.215345232984951,9.031031413262248,47.66501360284254,63.76244523109269,3.19065210903986
2023-07-31,-2.8482716286418963,66.66853669474122,-10.47543314046373,-33.2211919418556,-42.930404233327145,27.7453710896032,-28.479204013516256,9.59439830364519,5.184668477868337,38.26509054529011,9.704382849326155,-64.46653631064618,4.9174969684055325,-15.751315351462637,4.864472865439207,29.965637890928253,101.01953278862639
2023-08-07,-2.1878713465369515,46.708201787960334,1.8027017673734491,-36.62333862383018,-4.242574882569405,22.544916624370547,11.040446395865079,5.525258296338986,17.59991384860282,27.293788013672817,13.567227733986842,-27.929192959748526,2.6601212056815315,19.96575007255288,2.9529288266088027,25.428266089416685,19.59193033349451
2023-08-14,-7.078473535907914,5.589628190943485,2.176534955560938,-24.204479817577983,-13.750166095558958,12.158462501623845,2.808907774635183,-8.116135529686208,11.952640811769344,-7.0706845925411095,3.6022608879660245,-38.635618729329856,-5.7100412859497744,41.46736628939547,49.321263674752004,26.232155895823905,-15.921922843427982
2023-08-21,-5.364699211427104,5.862797115646012,-7.068820073305648,-20.17084800687029,-45.52844362128376,-1.9882356020004543,1.5747872854697587,-4.652727421872727,-10.858301102320954,-20.942623570572405,-2.8405833706664385,-14.976767739359186,-4.9303183035495195,-11.800158941213844,42.828839297511465,24.152528084289603,-2.0475548952140654
