,Wikipedia views in English,Wikipedia views in Polish,Wikipedia views in Russian,Wikipedia views in Ukrainian,Ukrainian refugees in Poland (UNHCR)
2022-01-01,2.7090372716365216e-06,0.0001022438006725,1.155518312567637e-05,2.7751552560608003e-05,
2022-01-02,3.104414059649263e-06,0.00011921457194,9.527691241478962e-06,1.652160354553612e-05,
2022-01-03,2.9848463264574587e-06,0.0001069737956357,1.0131192374739296e-05,2.5449294571003782e-05,
2022-01-04,3.1981156100039667e-06,0.0001218926531326,8.22740548767946e-06,2.72635568036206e-05,
2022-01-05,2.955692829926346e-06,0.0001159610187535,9.977268242622318e-06,3.299894403379092e-05,
2022-01-06,3.167464230323095e-06,0.0001141794177174,7.420610694128481e-06,3.0107832760332827e-05,
2022-01-07,3.2626434941156627e-06,0.0001164694013758,9.776317548033364e-06,1.672811635659535e-05,
2022-01-08,2.664661475984049e-06,0.0001092194669194,9.122224898007955e-06,2.566915640371012e-05,
2022-01-09,2.9251652441969403e-06,0.0001068534190107,8.163003268331482e-06,3.158731177170271e-05,
2022-01-10,3.093420807277165e-06,0.0001023756642517,7.71015967740692e-06,2.4812038296329756e-05,
2022-01-11,3.0514900588183127e-06,0.000116998676763,9.382115123105194e-06,2.7193975438563732e-05,
2022-01-12,2.8065923252490187e-06,0.0001057608224862,9.317846927277455e-06,1.8888245884773665e-05,
2022-01-13,3.701887351950834e-06,0.0001182848345895,9.435955746867304e-06,2.8925469127092223e-05,
2022-01-14,3.4452931374009755e-06,0.0001022656512241,8.499591301126914e-06,2.084338833826318e-05,
2022-01-15,2.713075856985885e-06,0.0001074800171421,9.781992004851868e-06,2.9025876314121088e-05,
2022-01-16,2.5728949707117674e-06,0.0001125914878509,7.937864360602572e-06,2.3721190613999294e-05,
2022-01-17,2.8989384350622587e-06,0.0001329969533467,7.866435667774765e-06,1.9470784088475244e-05,
2022-01-18,3.114483008742777e-06,0.0001217509791239,7.751084669325707e-06,2.3994386051952644e-05,
2022-01-19,3.1320364069268166e-06,0.0001201126947975,1.1343820179461056e-05,1.5717879416815498e-05,
2022-01-20,2.99208877195692e-06,0.0001067654778041,9.935972531294224e-06,1.936278957811139e-05,
2022-01-21,2.9534076554101887e-06,0.0001235968117657,8.212530914312798e-06,1.7546074493785053e-05,
2022-01-22,2.897641132026036e-06,0.0001123812266583,9.237250285293724e-06,2.057927135325273e-05,
2022-01-23,2.9923796942095947e-06,0.0001039384499767,9.133765631834366e-06,2.2350460376502102e-05,
2022-01-24,2.9683754107350334e-06,0.0001199972294757,8.463221715311773e-06,1.86117296130872e-05,
2022-01-25,2.992969071777862e-06,0.0001295761421664,9.443609635586065e-06,3.215388133074197e-05,
2022-01-26,1.8353476415732923e-05,0.0002113843060434,8.709610271069201e-06,1.5816511594557434e-05,
2022-01-27,6.999385348773303e-06,0.0001185373460942,9.387904354929573e-06,2.288508188820772e-05,
2022-01-28,3.415946157502297e-06,0.0001130330138357,9.292229407689753e-06,2.202742718511128e-05,
2022-01-29,2.7704262127476874e-06,0.0001078755198953,9.153941682649728e-06,2.7986311256879967e-05,
2022-01-30,2.822302760345045e-06,0.000118935222467,8.484725936353072e-06,2.0771917696676827e-05,
2022-01-31,2.8514638654582506e-06,0.0001159156313027,8.84001370082664e-06,1.5985871047733172e-05,
2022-02-01,3.120196510219662e-06,0.0001122077237905,8.926007221200978e-06,2.684399039752115e-05,
2022-02-02,2.873370187541766e-06,0.0001100677775555,9.459422677397437e-06,2.14627652129013e-05,
2022-02-03,2.928063272854476e-06,0.0001124700692066,8.13280486550077e-06,2.441484961235166e-05,
2022-02-04,2.712878611357268e-06,0.0001080414897365,9.49115242191023e-06,1.9889492558666013e-05,
2022-02-05,2.5605642532431483e-06,0.000105614459994,8.841781805797119e-06,3.0461211756673908e-05,
2022-02-06,2.6432952705170253e-06,0.0001018162490109,8.629534351779162e-06,2.7786517818104552e-05,
2022-02-07,3.005317722365244e-06,0.0001124538970463,8.423458156427117e-06,2.039307499872924e-05,
2022-02-08,3.1877333640406253e-06,0.0001110084612157,9.129273607423156e-06,2.128623601570316e-05,
2022-02-09,2.658836706427876e-06,0.0001170472341568,9.01763564279992e-06,2.034382920800548e-05,
2022-02-10,2.7412633617610107e-06,0.0001172967146111,9.564767516676112e-06,2.195624496770707e-05,
2022-02-11,2.933168882031735e-06,0.0001291131812479,9.835880694066172e-06,2.397079920823724e-05,
2022-02-12,3.0246845641537296e-06,0.000111113927847,8.864711436465448e-06,2.4791413002955796e-05,
2022-02-13,2.5882296922638226e-06,0.000114784498481,9.44479749071553e-06,3.417372555121214e-05,
2022-02-14,3.13388484229106e-06,0.0001094718894568,8.304517314933756e-06,2.2337970871285984e-05,
2022-02-15,2.947399184950812e-06,0.0001181163130939,8.771177461679515e-06,1.2521550045734198e-05,
2022-02-16,3.043107631781476e-06,0.0001187196219624,7.765015591196087e-06,1.5370838383934647e-05,
2022-02-17,2.951520724439307e-06,0.0001136019924114,8.202394260657144e-06,1.4144907346141914e-05,
2022-02-18,3.036763232841299e-06,0.0001219803047322,7.886916534779895e-06,2.3083584577712872e-05,
2022-02-19,2.93592055196278e-06,0.0001156553417585,7.258669405246136e-06,5.469150897677894e-05,
2022-02-20,2.9806873764330757e-06,0.0001044716291784,8.503387148338393e-06,3.0061919746386717e-05,
2022-02-21,2.936952268024085e-06,0.0001162257567199,8.661315261463832e-06,1.9980431472806785e-05,
2022-02-22,3.2622216585828136e-06,0.0001109410422206,8.401002370265032e-06,2.112841587060958e-05,
2022-02-23,3.216770090383524e-06,0.0001130220789706,9.713639442285378e-06,1.6694332886110705e-05,
2022-02-24,3.505141833309859e-06,7.370775294544371e-05,4.827550395628315e-06,2.000857622502508e-05,30096.0
2022-02-25,3.836880678907731e-06,7.339370325198865e-05,5.672477174118689e-06,2.099013226159566e-05,46347.0
2022-02-26,3.690167321531587e-06,8.039958783443145e-05,6.6348873822216185e-06,2.514326592369668e-05,76575.0
2022-02-27,3.744675813863597e-06,8.48475628194041e-05,8.748048984957587e-06,2.9603983286436863e-05,98115.0
2022-02-28,3.846242575712566e-06,8.742341971181228e-05,8.16258379647524e-06,2.8185147888514865e-05,99245.0
2022-03-01,4.2963123063928406e-06,0.0001037796100713,1.131189280109967e-05,3.938263232823559e-05,97499.0
2022-03-02,3.854030752121876e-06,9.636951412525444e-05,1.013412325522623e-05,4.388377750152452e-05,97379.0
2022-03-03,3.82717013303777e-06,0.0001083055755168,1.0929480107315122e-05,5.4892243980392925e-05,98517.0
2022-03-04,3.4992687576366035e-06,9.1209848966761e-05,1.4322462071271344e-05,7.704570298993157e-05,105317.0
2022-03-05,3.635916856032292e-06,9.890986953215632e-05,1.891026408474225e-05,7.612606014189436e-05,127579.0
2022-03-06,3.377070770774644e-06,0.0001049536153835,2.00883287679065e-05,7.503365640095086e-05,140843.0
2022-03-07,3.937530389362754e-06,0.000102672879819,2.0642780696515443e-05,0.0001019893225899,140558.0
2022-03-08,3.7876843328879617e-06,9.222914667190594e-05,1.812020097802223e-05,8.19168860454971e-05,126322.0
2022-03-09,3.87466805819026e-06,9.86051656245244e-05,2.071248613294437e-05,9.165688265816068e-05,116399.0
2022-03-10,3.480695660249526e-06,0.0001059896240192,2.079133545085088e-05,8.355242215069228e-05,85825.0
2022-03-11,4.043535168492279e-06,0.0001015589165458,2.0898206153754087e-05,9.153314601321876e-05,76065.0
2022-03-12,3.547880301195996e-06,0.0001061029445668,2.4592185409465915e-05,8.820792538745237e-05,78108.0
2022-03-13,3.757819252767325e-06,0.0001087729918504,1.9946597873066893e-05,9.950269311441364e-05,80123.0
2022-03-14,3.96683682233397e-06,0.0001148109030031,1.88475852739164e-05,7.022534422782288e-05,70935.0
2022-03-15,3.4478458550781886e-06,0.0001151891902113,1.7941775491587707e-05,6.892803817081581e-05,65787.0
2022-03-16,3.440762841091229e-06,0.0001218129080671,1.8911347665017075e-05,6.080306683585268e-05,59218.0
2022-03-17,4.77504628541162e-06,0.0001248367554621,1.892321871175622e-05,6.075148673236375e-05,51462.0
2022-03-18,4.768492225127465e-06,0.0001273478173622,1.7010944854201465e-05,5.183893178275949e-05,41825.0
2022-03-19,3.868651071963221e-06,0.0001038440605391,1.5968447089832367e-05,7.109430434049801e-05,38992.0
2022-03-20,3.3802808133023728e-06,0.000113180870741,1.607130446869136e-05,5.7858715340495376e-05,32915.0
2022-03-21,3.835173114982168e-06,0.0001242950334126,1.6614870183079704e-05,4.518826124840104e-05,29501.0
2022-03-22,4.166637297367258e-06,0.0001152801859583,1.680831102501883e-05,4.795896731722585e-05,30328.0
2022-03-23,3.7723028283348266e-06,0.0001165962545597,1.790772385842117e-05,4.642468153120658e-05,29598.0
2022-03-24,3.2667077373109555e-06,0.0001184565723975,1.4960009297302383e-05,3.7971781940341307e-05,31706.0
2022-03-25,3.8095851390180743e-06,0.0001100742726154,1.6867306246466306e-05,4.900500243064812e-05,29700.0
2022-03-26,3.519514062028889e-06,0.0001087064251052,1.685627031886654e-05,4.952833782898246e-05,30045.0
2022-03-27,3.070130618020404e-06,0.0001162395975846,1.5761693231105214e-05,5.548167012156326e-05,26062.0
2022-03-28,3.341722436019152e-06,0.0001231563682126,1.551727221433403e-05,5.830923987843967e-05,20512.0
2022-03-29,3.8821955718276215e-06,0.000115156698525,1.5362502010232158e-05,4.523097036564774e-05,21793.0
2022-03-30,3.1173380887051493e-06,0.0001286999004602,1.3650252748258322e-05,4.6583898864671806e-05,24777.0
2022-03-31,3.3810744046579917e-06,0.0001082513398825,1.3999867528135218e-05,3.075273182108173e-05,22440.0
2022-04-01,3.032504249779428e-06,0.0001071418836514,1.1967915927173068e-05,4.6118140300965786e-05,20497.0
2022-04-02,2.868701618850692e-06,0.0001026513392315,1.1563563655913725e-05,4.196319198614935e-05,22916.0
2022-04-03,3.0943050344607105e-06,0.0001235070848652,1.304223991707363e-05,3.784407204656774e-05,21614.0
2022-04-04,4.938622497239663e-06,0.0001327041765487,1.114865822250171e-05,2.9938448579445985e-05,17987.0
2022-04-05,3.093109011993577e-06,0.0001239168495499,1.0361325470488549e-05,3.340345547444962e-05,20470.0
2022-04-06,3.162457891583924e-06,0.0001174636086763,1.2370794084646146e-05,3.98579400898926e-05,23542.0
2022-04-07,3.2515257514707822e-06,0.0001067606333201,1.1063271055345352e-05,3.0711841738407746e-05,22933.0
2022-04-08,3.829826682194323e-06,0.0001173851150794,1.1527319856808938e-05,2.796618030433296e-05,26711.0
2022-04-09,3.3854335049812942e-06,0.0001191129024916,1.50676251436294e-05,4.275136769899727e-05,28212.0
2022-04-10,3.0229179055109937e-06,0.0001073647037659,1.2243788450120186e-05,3.952334841807798e-05,27615.0
2022-04-11,3.1798900709913174e-06,0.0001105017174448,1.2996667270519396e-05,4.348424425001168e-05,23449.0
2022-04-12,3.5822109061717187e-06,0.0001207437145879,1.125156618840404e-05,3.305234696514841e-05,23262.0
2022-04-13,3.791332079020985e-06,0.0001256730933907,1.1602751047792056e-05,2.3660166193739377e-05,24046.0
2022-04-14,3.4388605142688698e-06,0.0001183881357292,1.1137650042853848e-05,3.76469926829305e-05,26025.0
2022-04-15,3.0509181683902303e-06,0.0001109968590777,1.2247973805023118e-05,2.7612907308359956e-05,23621.0
2022-04-16,2.8785493220711377e-06,9.417652363409844e-05,1.3192399231203328e-05,4.3525938422606496e-05,18717.0
2022-04-17,2.9116132174342884e-06,0.0001215243624918,1.1940196672096614e-05,3.610874414675778e-05,17011.0
2022-04-18,3.2508951453280247e-06,0.0001224342318747,1.4591266415137945e-05,3.663079423785147e-05,19581.0
2022-04-19,3.137136758984728e-06,0.0001310025126506,1.19304286615161e-05,2.5170543272787045e-05,24464.0
2022-04-20,3.089858763332708e-06,0.0001203109285559,1.0902726476735148e-05,2.266335233817308e-05,21739.0
2022-04-21,3.66911032904817e-06,0.0001077561563456,1.2154664027788072e-05,3.0569821472242604e-05,19292.0
2022-04-22,3.579097702647615e-06,0.000125393432297,1.2204776988052737e-05,3.323658431061307e-05,17069.0
2022-04-23,3.247986206225845e-06,0.0001307283067072,1.1194694793674523e-05,3.481338900480874e-05,14434.0
2022-04-24,3.087407259986853e-06,0.0001254887417751,1.2240965523182547e-05,3.261706721360461e-05,9320.0
2022-04-25,3.2515067993751512e-06,0.0001223143241885,1.2408249040727458e-05,3.2062693439108624e-05,13168.0
2022-04-26,3.17312613813982e-06,0.0001328727253571,1.1500738716547454e-05,3.0910769757298525e-05,20727.0
2022-04-27,3.7353784255765608e-06,0.0001378292852907,1.3788598461192413e-05,2.6406202163269287e-05,24102.0
2022-04-28,3.6357955152356415e-06,0.0001447642151024,1.2981494910513546e-05,3.0011250371293035e-05,23374.0
2022-04-29,3.703408279021201e-06,0.0001580673270332,1.374400745115715e-05,3.714763916434322e-05,22748.0
2022-04-30,3.071761198295704e-06,0.0001806391488626,1.3152552890477528e-05,3.6628516032301466e-05,22822.0
2022-05-01,3.050109188546592e-06,0.0002010713296281,1.0952249366218577e-05,4.118110487749776e-05,19037.0
2022-05-02,3.064009650039144e-06,0.0001759450598131,1.124136992074191e-05,3.066367695816325e-05,17996.0
2022-05-03,3.111916317763389e-06,0.0001750124643023,1.182098833457459e-05,3.109806704115587e-05,18744.0
2022-05-04,3.3199674281497325e-06,0.0001487854122666,1.1654227309686546e-05,3.106375864702082e-05,24403.0
2022-05-05,2.950579873785446e-06,0.0001620334834921,1.0352596453907937e-05,3.141682985163762e-05,24035.0
2022-05-06,3.2742404994865844e-06,0.0001388155399165,1.2177962095539432e-05,2.796626910929218e-05,23788.0
2022-05-07,3.0144090242747106e-06,0.0001374063283247,1.2364380232016334e-05,3.3986079301917934e-05,25690.0
2022-05-08,3.0376955813280157e-06,0.0001350655200935,1.235674823459712e-05,3.7811080858283e-05,23030.0
2022-05-09,3.0786477450971813e-06,0.0001418092649581,1.173387497639366e-05,2.55287437359524e-05,16635.0
2022-05-10,2.938579349515198e-06,0.0001433065459572,1.2206012545167445e-05,3.096387686472793e-05,17687.0
2022-05-11,3.072737406670458e-06,0.0001583030391647,1.0078971707733536e-05,2.9820219640964558e-05,20600.0
2022-05-12,3.136056434700224e-06,0.0001289010140691,1.1786133281599204e-05,4.568944371103368e-05,21461.0
2022-05-13,3.3042278045335525e-06,0.0001375327910978,1.0896423991458008e-05,5.140672357105373e-05,20634.0
2022-05-14,2.683949408445268e-06,0.0001397784446605,1.1534471750116102e-05,4.3845947264286926e-05,22241.0
2022-05-15,2.6984141263688228e-06,0.0001316160620788,9.32532222994027e-06,4.405759517566117e-05,19143.0
2022-05-16,3.1279050364975164e-06,0.0001325291716713,1.2202762897186356e-05,3.788691357263405e-05,18718.0
2022-05-17,3.629265535828885e-06,0.0001450930474254,1.0478925716059924e-05,2.639733640316757e-05,19690.0
2022-05-18,3.013317168560789e-06,0.0001324115785315,1.0449822677543136e-05,3.366834170854271e-05,20840.0
2022-05-19,3.1036894077013905e-06,0.0001513755238761,1.0152722745280355e-05,2.7874623659396524e-05,21362.0
2022-05-20,3.027458858308677e-06,0.0001411790241264,1.021968193037246e-05,2.6625320502295547e-05,23031.0
2022-05-21,2.621747237873146e-06,0.0001282987414668,1.088130461146038e-05,3.609754588255921e-05,22372.0
2022-05-22,3.1531565423403106e-06,0.0001421951596913,1.2296118098944577e-05,4.0640599894269416e-05,19530.0
2022-05-23,3.421004487591991e-06,0.0001509758402343,1.1609993525195918e-05,2.7225330447448302e-05,17872.0
2022-05-24,3.019663213383598e-06,0.0001317351955742,1.1090216058775296e-05,2.4358697072031075e-05,20280.0
2022-05-25,2.962963653027278e-06,0.0001269582673689,1.1687551064829192e-05,3.2579306452828616e-05,21010.0
2022-05-26,2.9077312279733603e-06,0.0001321490234838,1.1843583327690216e-05,3.095748459381431e-05,21430.0
2022-05-27,2.723498646225981e-06,0.0001368943881281,1.1369145571644736e-05,3.854340613861558e-05,22245.0
2022-05-28,3.362755972802139e-06,0.0001322831097511,1.0895519245827624e-05,3.685826966710125e-05,24585.0
2022-05-29,3.436147298327919e-06,0.0001394442453969,1.1259766283394416e-05,3.4931168512133455e-05,20948.0
2022-05-30,3.195591117443864e-06,0.0001350499747883,1.1497966341290678e-05,2.978369590846477e-05,20280.0
2022-05-31,3.500998559964117e-06,0.0002151691328928,1.1931982765864796e-05,3.641563013812517e-05,21833.0
2022-06-01,3.558412375531961e-06,0.0001611497424996,1.1873418950609894e-05,3.893927947048403e-05,20745.0
2022-06-02,3.275571107584482e-06,0.0001408853325189,1.1605388496090497e-05,4.0022325180664416e-05,21631.0
2022-06-03,3.180599837104146e-06,0.0001516130698936,1.0675768664708568e-05,4.298426527904641e-05,21705.0
2022-06-04,3.316464165103214e-06,0.0001401532970341,1.2554167200314753e-05,4.539610296421909e-05,22516.0
2022-06-05,3.221574698590424e-06,0.0001355470805352,1.1661399601180134e-05,6.18938768429744e-05,20198.0
2022-06-06,3.2099941918956407e-06,0.0001401144201983,1.028771513108897e-05,4.233190040486077e-05,19849.0
2022-06-07,3.3205482124955314e-06,0.0001415864367752,1.2696351740022164e-05,4.253783084096099e-05,21604.0
2022-06-08,3.6264215388660994e-06,0.000140688454705,1.2381738451608827e-05,6.294420921503223e-05,22738.0
2022-06-09,3.254140907789171e-06,0.0001339612228711,1.4768286352328156e-05,7.912610924649941e-05,24622.0
2022-06-10,3.397654867369391e-06,0.0001447442037614,1.5260905943517964e-05,8.154942117735974e-05,23985.0
2022-06-11,5.8626555590295005e-06,0.0001321480538159,3.481204262425541e-05,0.0002505830677734,24158.0
2022-06-12,3.299108745772329e-06,0.0001339993464254,1.6097934278551e-05,8.295128342225711e-05,21017.0
2022-06-13,3.836065648500875e-06,0.000133371109902,1.4652424557880147e-05,7.00891300103298e-05,21191.0
2022-06-14,5.745601354491906e-06,0.0001207397331236,2.0994510711654403e-05,9.491820070635296e-05,23372.0
2022-06-15,3.738863893916925e-06,0.0001336308825462,1.4953129096691264e-05,6.628256340682308e-05,23667.0
2022-06-16,3.459227341468297e-06,0.0001347835797714,1.27750687470448e-05,5.2808676295164727e-05,22166.0
2022-06-17,7.254511903119247e-06,0.0001396169947185,1.0653899962746217e-05,3.767831481546388e-05,25388.0
2022-06-18,3.112437507316007e-06,0.0001265084451033,1.1528599234644124e-05,4.355720431265264e-05,25257.0
2022-06-19,2.7182697219406585e-06,0.0001193162081583,1.0822805876461528e-05,4.70783416559995e-05,23946.0
2022-06-20,3.134103236820859e-06,0.0001274493581795,1.229133969975367e-05,4.768122377266614e-05,22505.0
2022-06-21,2.9087642476687867e-06,0.0001387567043503,1.1635661665938244e-05,4.109837883334854e-05,23227.0
2022-06-22,3.07016193132773e-06,0.0001306298107092,1.5172098105518068e-05,5.4219960369379735e-05,25689.0
2022-06-23,2.847037069465028e-06,0.0001295575235404,1.1737846298575418e-05,5.232694550739413e-05,26753.0
2022-06-24,2.94452041949234e-06,0.0001124496403906,1.1945301155877434e-05,3.707558751074506e-05,25778.0
2022-06-25,2.720133352255603e-06,0.0001381279847637,1.0155593104860062e-05,3.8417938756542894e-05,24819.0
2022-06-26,2.514754756860701e-06,0.0001456150158441,1.1256633725733396e-05,5.597753368931082e-05,23247.0
2022-06-27,2.9860476618302243e-06,0.0001264214296494,1.0493758221689093e-05,5.0724664658776575e-05,19607.0
2022-06-28,2.841469991244472e-06,0.0001364820725376,1.2003528262888111e-05,4.644501700031266e-05,20699.0
2022-06-29,3.097577617322036e-06,0.0001370677847404,1.3405053382775047e-05,4.443246699681922e-05,22697.0
2022-06-30,2.8676786395235098e-06,0.0001236220830642,1.2272675607053472e-05,4.0059558427831256e-05,23367.0
2022-07-01,3.5340460250656907e-06,0.0001339010455395,1.1680748686635535e-05,6.239458023143748e-05,22993.0
2022-07-02,2.9878002141655197e-06,0.0001371472659304,1.1217177596688657e-05,4.664847376189953e-05,25135.0
2022-07-03,2.9438146389689714e-06,0.0001466424718919,1.3377257814358498e-05,6.585012511523772e-05,23565.0
2022-07-04,2.921928551226393e-06,0.0001616815670866,1.2037752273253056e-05,5.817852079104733e-05,20753.0
2022-07-05,2.9984514883316697e-06,0.000151998808588,1.4337132846594995e-05,5.773599588317247e-05,20951.0
2022-07-06,3.031010740288206e-06,0.0001580964321458,1.4347321650433898e-05,6.16018147401808e-05,22618.0
2022-07-07,2.869976826881019e-06,0.0001316695565931,1.213918976879035e-05,4.555731376630552e-05,22472.0
2022-07-08,2.9469924987852025e-06,0.0001455841496605,1.2405292716130008e-05,5.574093639705789e-05,22467.0
2022-07-09,2.7317271875606656e-06,0.0001611317378184,1.2000265485325462e-05,4.544514049766171e-05,24669.0
2022-07-10,3.115868422238721e-06,0.0001443051747502,1.377625398841143e-05,5.422579126521095e-05,22613.0
2022-07-11,3.203187993741127e-06,0.0001430002794788,1.3864541322308562e-05,4.8793235380913306e-05,21032.0
2022-07-12,2.996508981293313e-06,0.0001451576516371,1.25236525811972e-05,4.145048762539937e-05,19779.0
2022-07-13,3.362813084610152e-06,0.0001509854403177,1.0229054194792944e-05,4.387487828259573e-05,21598.0
2022-07-14,3.243881669117582e-06,0.0001498083600016,1.2495380390219587e-05,5.044619660900666e-05,24069.0
2022-07-15,3.392889442806807e-06,0.0001714019908444,1.3566098751761627e-05,4.615337018502429e-05,24309.0
2022-07-16,3.247829551354255e-06,0.000161609631934,1.4852112818267726e-05,6.126548700150584e-05,23006.0
2022-07-17,2.9847731014761587e-06,0.0001658561592502,1.3500655795311394e-05,5.797639201317224e-05,24271.0
2022-07-18,3.731371968572665e-06,0.0001562809340762,1.5921150097397926e-05,5.898624229821909e-05,20928.0
2022-07-19,3.231900118117847e-06,0.0001496645064104,1.784666782059532e-05,6.345844838072105e-05,21051.0
2022-07-20,4.567895018411534e-06,0.0001717404460081,2.421530234141532e-05,9.293269237937012e-05,22715.0
2022-07-21,3.937752978684574e-06,0.0001547600644227,1.6157977328710634e-05,5.841840614310578e-05,23752.0
2022-07-22,3.7087557129540063e-06,0.0001550671142652,1.4679373366271509e-05,6.185136473799267e-05,24040.0
2022-07-23,3.0096042437200667e-06,0.0001564409502858,1.474126997560135e-05,5.3062397091108674e-05,23248.0
2022-07-24,2.7847829556024485e-06,0.0001622095680638,1.635998745200403e-05,6.639151073882686e-05,22054.0
2022-07-25,3.307463596195212e-06,0.0001576223471108,1.404486823986238e-05,4.610913549323162e-05,20424.0
2022-07-26,3.2927278753122285e-06,0.0001700009322631,1.4746142864366236e-05,5.510642779119895e-05,20577.0
2022-07-27,3.68233912047827e-06,0.0001797334614399,1.4030224504849994e-05,4.1033852472358e-05,21826.0
2022-07-28,3.375856180424659e-06,0.0001436216970223,1.7154638206555212e-05,6.150021686918581e-05,22582.0
2022-07-29,3.1905884629682737e-06,0.0001961050094795,1.642472423306604e-05,5.167997551473005e-05,24076.0
2022-07-30,8.209399157602259e-06,0.0002319690089404,1.3710945376775596e-05,6.166953183651356e-05,24700.0
2022-07-31,2.982933650491768e-06,0.0001942485248911,1.3130245612539018e-05,3.416095274495312e-05,23768.0
2022-08-01,3.239269647228912e-06,0.000163055262526,1.4104632942170968e-05,5.079841167302546e-05,22925.0
2022-08-02,3.225611923261021e-06,0.0001396728063358,1.3528930144205666e-05,4.56245813305066e-05,21360.0
2022-08-03,3.7862279109773783e-06,0.0001516697250863,1.997424628237984e-05,0.0001015080502197,23572.0
2022-08-04,3.254776828829511e-06,0.0001565174365473,1.4954836394089847e-05,7.209054572543114e-05,24152.0
2022-08-05,3.0159992552375093e-06,0.0001516079742779,1.3484528243779392e-05,6.14346501498099e-05,23878.0
2022-08-06,2.7659428828546062e-06,0.0001659459422048,1.2467360870165664e-05,5.3555605324400906e-05,24396.0
2022-08-07,2.8201265421751963e-06,0.0001479249125054,1.2888860297079588e-05,3.898116544177069e-05,23773.0
2022-08-08,3.058046372813689e-06,0.0001645232982274,1.656595125567631e-05,5.697216933070414e-05,22085.0
2022-08-09,3.4748051912037703e-06,0.0001479574352082,1.4530806868825382e-05,5.182157296343452e-05,21221.0
2022-08-10,3.388669362729664e-06,0.0001537464031901,1.2756912377973383e-05,6.472248284624692e-05,23682.0
2022-08-11,3.4021109758393988e-06,0.000164643559424,1.2988045037487091e-05,5.278275261595912e-05,24742.0
2022-08-12,3.0182914321118247e-06,0.0001767634593769,1.3312755541887443e-05,4.9552431952361055e-05,25618.0
2022-08-13,3.3652399024160017e-06,0.000183803985373,1.4278223947766086e-05,5.874252182156984e-05,27094.0
2022-08-14,3.206418429961856e-06,0.0001832208757391,1.5106121257137453e-05,7.226931799019499e-05,23684.0
2022-08-15,3.1698603619935608e-06,0.0001575699765403,1.42341223883335e-05,5.9267875052206666e-05,21090.0
2022-08-16,3.6041133630378114e-06,0.0001566906197903,1.3807751160963066e-05,4.970418973495944e-05,24166.0
2022-08-17,6.534763263594931e-06,0.0001647517240486,2.472533145529497e-05,7.572651013663634e-05,25213.0
2022-08-18,3.917847998126812e-06,0.0001589926527169,1.6613034972127413e-05,5.332065377970058e-05,25262.0
2022-08-19,2.9910607840810035e-06,0.0001518563000069,1.3610174889196309e-05,4.86692103155596e-05,25267.0
2022-08-20,3.1304230356996136e-06,0.0001511495245899,1.156251324472492e-05,5.073494940408387e-05,28009.0
2022-08-21,2.5438180220313127e-06,0.0001377408295888,1.2925309979507344e-05,3.816198679783711e-05,27458.0
2022-08-22,3.0928888391760413e-06,0.0001503102888935,1.3650530598786038e-05,4.685929148751271e-05,26468.0
2022-08-23,3.2823006843988397e-06,0.000156980425564,1.282796477886394e-05,4.685424288137057e-05,28446.0
2022-08-24,3.183967031624172e-06,0.0001599530760741,1.3022886491113464e-05,4.725111040109443e-05,25996.0
2022-08-25,3.21412013047751e-06,0.0001681582649536,1.3508679365422196e-05,5.318555097116337e-05,24271.0
2022-08-26,3.109285236543661e-06,0.0001616111987406,1.2897107037337912e-05,4.562560729688833e-05,24136.0
2022-08-27,2.9781206168107005e-06,0.0001635958806391,1.3339918569663936e-05,6.159696835790517e-05,25967.0
2022-08-28,2.713797134763912e-06,0.0001533917971736,1.1234284342611478e-05,6.614412805503192e-05,24372.0
2022-08-29,2.994577834440592e-06,0.0001535699471529,1.2948837630531746e-05,5.051429268553042e-05,23225.0
2022-08-30,2.937368504107931e-06,0.0001339543499522,1.2468644543688336e-05,5.0807205526275554e-05,23605.0
2022-08-31,3.1762686311539125e-06,0.0001547887433889,1.2455735575210526e-05,4.971245528340037e-05,24586.0
2022-09-01,3.3111484611024743e-06,0.0001331914550139,1.4540389979009671e-05,3.2484211513054246e-05,23688.0
2022-09-02,2.990253488040986e-06,0.0001304817928945,1.2771693365624758e-05,3.347538599773592e-05,21438.0
2022-09-03,2.803073327255614e-06,0.0001487959688538,1.2834068552839437e-05,3.5418425622263445e-05,24037.0
2022-09-04,2.8444627842385077e-06,0.000138720169739,1.1966299366323696e-05,3.800832937591177e-05,22508.0
2022-09-05,2.9283139814819475e-06,0.0001350027196911,1.705030844819902e-05,3.1566843799197265e-05,19032.0
2022-09-06,3.040300457529258e-06,0.0001497650682055,1.3570579565617754e-05,2.63912764124546e-05,20545.0
2022-09-07,3.0631155853610927e-06,0.0001447744714458,9.582807589771652e-06,2.246849836284892e-05,20939.0
2022-09-08,2.446206299475659e-06,9.215429255246532e-05,1.0094923600432342e-05,2.6202060916206084e-05,22735.0
2022-09-09,2.275773197575429e-06,0.0001105556746532,9.918904041831366e-06,2.3951084699717768e-05,23474.0
2022-09-10,2.3596526180904965e-06,0.0001048303814646,1.033310859697822e-05,2.926093106088066e-05,26350.0
2022-09-11,2.42624825369972e-06,0.0001044104387908,1.2042391191155355e-05,3.530281644562092e-05,24657.0
2022-09-12,2.653806847411909e-06,0.0001266868987937,1.0398959943507231e-05,2.205135484902402e-05,22165.0
2022-09-13,2.978587928156037e-06,0.0001311823777203,1.2397553071495448e-05,2.467344831347168e-05,22989.0
2022-09-14,2.848944807500737e-06,0.0001205963867317,1.0724290518023324e-05,2.263160277010818e-05,22997.0
2022-09-15,2.829942968151112e-06,0.0001245561306955,1.0375113738435375e-05,2.7138553743620656e-05,24044.0
2022-09-16,3.151344032177301e-06,0.0001446903721905,1.1898378106306397e-05,2.3744447295946564e-05,25513.0
2022-09-17,2.6606160462917507e-06,0.0001493439330984,1.2299471585760744e-05,4.175297271224528e-05,27420.0
2022-09-18,2.8203557461800486e-06,0.0001355906123988,1.2240357181519562e-05,3.718641649313006e-05,25345.0
2022-09-19,2.737106098177627e-06,0.0001165503263409,1.0766413019166776e-05,2.88406225625127e-05,22540.0
2022-09-20,3.05533626257869e-06,0.000342517913757,1.0103203899810464e-05,2.268158737089215e-05,21518.0
2022-09-21,3.4445087117498543e-06,0.0002696328541072,8.789326429133617e-06,2.1925348365073755e-05,22256.0
2022-09-22,3.2870146077567157e-06,0.0002096403246249,9.994840464142533e-06,2.1253350429277323e-05,24045.0
2022-09-23,3.357309209027126e-06,0.0001887163227927,1.2818459724595928e-05,2.965347792934e-05,24731.0
2022-09-24,2.9502445927674763e-06,0.0001788889564691,1.1207786420462123e-05,3.222359718302885e-05,26652.0
2022-09-25,2.743366517986758e-06,0.0001657950076146,1.2785664699591604e-05,3.240661330595902e-05,25641.0
2022-09-26,2.8572107006990696e-06,0.0001540496842978,1.1550455862927482e-05,2.2660558774516982e-05,23716.0
2022-09-27,3.2834329228616087e-06,0.0001735678024269,1.1599526039477918e-05,1.947916131497e-05,22143.0
2022-09-28,3.0494618668733144e-06,0.0001552444457526,1.175035929820159e-05,1.879638264903343e-05,27080.0
2022-09-29,2.784891050341956e-06,0.0001396452594003,1.1376384629112032e-05,2.6068731540744497e-05,28045.0
2022-09-30,3.398368805658159e-06,0.0001658945121812,9.806420249811454e-06,3.071466048742583e-05,27891.0
2022-10-01,3.1673260472107484e-06,0.0001438423844838,1.1827178802195288e-05,2.863446923265506e-05,26245.0
2022-10-02,3.681344834938214e-06,0.0001509591932078,1.1727059548238265e-05,2.871613420440914e-05,24110.0
2022-10-03,3.7623508708025384e-06,0.0001931964010985,1.1038718643562253e-05,1.8102953401568763e-05,21093.0
2022-10-04,3.4967818573377504e-06,0.000147201909245,1.2258315640388211e-05,1.8346630272035256e-05,20704.0
2022-10-05,3.5836680057806908e-06,0.0001480809793901,1.0452858517748275e-05,2.0423585156138307e-05,21969.0
2022-10-06,3.4900490509754515e-06,0.000140336603561,9.489642340410036e-06,2.0712944605250428e-05,22456.0
2022-10-07,3.595098466112952e-06,0.0001618896874418,1.1377825543321156e-05,2.1493264911170368e-05,22650.0
2022-10-08,3.1268026027727903e-06,0.0001707194913544,1.131724597630457e-05,2.917213644224959e-05,24109.0
2022-10-09,2.946062150264336e-06,0.0001316498100411,1.20801186565518e-05,2.5891036752490537e-05,22068.0
2022-10-10,3.064657714156868e-06,0.0001383489046437,9.488837974772164e-06,1.6536265580693358e-05,19343.0
2022-10-11,3.2181231958604187e-06,0.0001258007797143,9.83398976015796e-06,1.2751772903405049e-05,21285.0
2022-10-12,3.0679403265884006e-06,0.0001375360924792,1.2427633839353833e-05,2.3155975162851244e-05,24298.0
2022-10-13,2.901036931079827e-06,0.0001471945254562,1.1020649852730436e-05,1.9509465421613825e-05,24300.0
2022-10-14,3.119027348036744e-06,0.0001611383653778,1.1728359903399589e-05,1.8603513938018405e-05,24690.0
2022-10-15,2.966978905076683e-06,0.0001496809522624,1.3521121350722602e-05,3.1826706950540923e-05,25281.0
2022-10-16,3.120975707974287e-06,0.0001418262614671,1.223287929620694e-05,2.1509857132813094e-05,24405.0
2022-10-17,3.132679190008236e-06,0.0001415739990989,1.113360720081928e-05,2.189204103524694e-05,20799.0
2022-10-18,3.183092112546018e-06,0.0001476628527553,1.1370042117748474e-05,1.8356995092073796e-05,21381.0
2022-10-19,3.3425149724790038e-06,0.000156974256776,9.70069383815108e-06,1.798481528211258e-05,21870.0
2022-10-20,2.911991403365626e-06,0.0001596475527935,1.0325268069772262e-05,2.1699515269764217e-05,24015.0
2022-10-21,3.155234895833531e-06,0.0001734632454871,1.1782119702130656e-05,2.6403658068403427e-05,25290.0
2022-10-22,3.0364930635306903e-06,0.000168159809012,1.2487325615585816e-05,3.130720328501459e-05,27640.0
2022-10-23,2.7360166022279324e-06,0.0001474916795454,1.220142840130224e-05,3.748035378975938e-05,24539.0
2022-10-24,2.730338332395368e-06,0.0001461675189197,1.1136717195050567e-05,2.8225742757831157e-05,22484.0
2022-10-25,2.867388693470021e-06,0.0001467310633785,1.3846173584524094e-05,2.5764489662714204e-05,20735.0
2022-10-26,2.647243825145961e-06,0.0001386933447067,1.2017244362130584e-05,3.065834394822952e-05,23174.0
2022-10-27,2.9755281340212257e-06,0.0001528496612144,1.3350376206627426e-05,2.281828336082326e-05,24351.0
2022-10-28,2.783563825532142e-06,0.0001553163101751,1.208849309659966e-05,2.8388773991534103e-05,25213.0
2022-10-29,2.6326896384520527e-06,0.0001656166019526,1.2079273431360914e-05,3.3600402337720896e-05,26095.0
2022-10-30,2.8640985810977447e-06,0.0001606483983214,1.3452596718055586e-05,3.5013094277559025e-05,24342.0
2022-10-31,2.8631571461218857e-06,0.00015390813366,1.218157542368414e-05,3.073790175398152e-05,19474.0
2022-11-01,2.82632031492512e-06,0.0001365137592508,1.2139482319259735e-05,2.6550037661228423e-05,18208.0
2022-11-02,2.905926939747052e-06,0.000140969134498,1.3197350908949395e-05,3.077507666427672e-05,23368.0
2022-11-03,3.0795868613061484e-06,0.0001375670191678,1.488074211489612e-05,2.890251722860988e-05,23758.0
2022-11-04,3.1551508075769813e-06,0.0001607404479233,1.4652805047822808e-05,3.525870125011037e-05,23660.0
2022-11-05,2.895976782871389e-06,0.0001508183899669,1.1622384621625291e-05,4.110100661726207e-05,24342.0
2022-11-06,2.8578421364167423e-06,0.0001599573324187,1.265114354976226e-05,3.3813535860311456e-05,23076.0
2022-11-07,3.12521870086134e-06,0.0001823060372642,1.2521089715192758e-05,2.70016205751393e-05,20252.0
2022-11-08,3.8718168258014205e-06,0.0001658746041935,1.1744962523168698e-05,2.102139833375215e-05,18889.0
2022-11-09,2.730020281236236e-06,0.0001507272797914,1.1281281988266827e-05,2.7129018143588663e-05,20642.0
2022-11-10,2.826741289586663e-06,0.0001571038872175,1.184801291342767e-05,2.48093200981972e-05,22492.0
2022-11-11,3.0576757189547283e-06,0.0001675376514199,1.4252374394672816e-05,2.6456993599914e-05,20545.0
2022-11-12,2.725954024392552e-06,0.0001816666352176,1.1754840375498776e-05,3.11673555950893e-05,24537.0
2022-11-13,3.159257572654326e-06,0.0001560152805823,1.1539856023746698e-05,3.660279575639968e-05,23076.0
2022-11-14,3.117143860638255e-06,0.0002171430615127,1.3376091181580502e-05,2.104194079639537e-05,21908.0
2022-11-15,4.463488516248132e-06,0.0001491052016892,1.4243691678708494e-05,2.2426050099795923e-05,17526.0
2022-11-16,4.859888395708087e-06,0.0001540847850214,1.3419613645696218e-05,3.024063845405292e-05,21324.0
2022-11-17,3.1445465553897628e-06,0.0001657854397241,1.1307271820558092e-05,2.7578007458318904e-05,21518.0
2022-11-18,3.109321850694227e-06,0.0001822254893381,1.3948314167235153e-05,3.019450553384353e-05,23271.0
2022-11-19,3.0374162409002524e-06,0.0001510024447756,1.4520070309037933e-05,4.349218253703256e-05,23271.0
2022-11-20,2.758320339504996e-06,0.0001357748671669,1.129914979907948e-05,3.959252643379133e-05,21129.0
2022-11-21,3.175131869619041e-06,0.0001261551969848,1.1461495464159888e-05,2.3140286118440943e-05,18305.0
2022-11-22,3.151484526234791e-06,0.0001217668406512,1.1832132978612054e-05,2.65425589042052e-05,19766.0
2022-11-23,2.8442193891211453e-06,0.0001286639983168,1.0770264432579912e-05,2.8506687847135737e-05,19474.0
2022-11-24,2.6481418788102905e-06,0.0001283488062071,1.222890581501658e-05,2.960958910773195e-05,21908.0
2022-11-25,2.6836135525527763e-06,0.0001504463557857,1.0423599826715953e-05,2.95956911492324e-05,22589.0
2022-11-26,3.221037931764577e-06,0.0001128863908881,1.21564768874903e-05,3.028573509428057e-05,24634.0
2022-11-27,2.69895064909376e-06,0.0001178852282162,1.2423793228821486e-05,2.610179448264671e-05,23368.0
2022-11-28,2.9765902282922862e-06,0.0001192255042694,1.1426462232252886e-05,2.6367494832821576e-05,20447.0
2022-11-29,2.9314207924031377e-06,0.0001216288979328,1.2293741438596016e-05,2.6359707868537545e-05,21031.0
2022-11-30,3.7034942319939086e-06,0.0001268869668522,1.37709490967211e-05,2.7768398229931225e-05,21810.0
2022-12-01,3.093740932907977e-06,0.000139174248518,1.3685332813641592e-05,2.704370234418715e-05,23368.0
2022-12-02,3.273693305866241e-06,0.0001241023459006,1.1989591116576231e-05,3.0853005995103994e-05,24147.0
2022-12-03,2.8378937555011605e-06,0.0001124696307577,1.0671756120056712e-05,3.076407712895959e-05,24147.0
2022-12-04,3.349625957350741e-06,0.0001092425147028,1.161770074147765e-05,2.3776010955985848e-05,21616.0
2022-12-05,2.737245936491441e-06,0.0001236590884166,9.105588901989909e-06,2.134919067022326e-05,20447.0
2022-12-06,2.7266752464099134e-06,0.0001239075705784,1.152020340861095e-05,1.860573428730735e-05,18695.0
2022-12-07,2.783157489223632e-06,0.0001463634182501,9.581712694031791e-06,2.4899711163350505e-05,22687.0
2022-12-08,3.54401223986723e-06,0.0001543499746271,1.148546259658731e-05,1.961938987319536e-05,22687.0
2022-12-09,2.8239190266085177e-06,0.0001332899996581,1.0346768957717227e-05,1.6570148370461173e-05,23563.0
2022-12-10,2.240877607570581e-06,0.0001248810633016,1.0251617266317496e-05,1.9797867653195707e-05,24342.0
2022-12-11,2.6183021532940785e-06,0.0001234606423442,9.45776575590664e-06,2.58538224876548e-05,19376.0
2022-12-12,2.877856390488533e-06,0.0001367272747081,1.0589076398362718e-05,2.649483446327884e-05,18208.0
2022-12-13,2.533955471412145e-06,0.0001129475835151,1.0971619771212957e-05,2.535759436423544e-05,18208.0
2022-12-14,2.664640037759432e-06,0.0001180803210937,8.910688393004129e-06,2.189020343035124e-05,20447.0
2022-12-15,2.79143523537446e-06,0.0001139620939106,1.0759833627148524e-05,2.29049556203168e-05,23076.0
2022-12-16,2.7176283608132825e-06,0.0001291526764408,1.1565280609587826e-05,2.914599950338245e-05,25024.0
2022-12-17,2.765707369579041e-06,0.0001207786906223,9.775116606716606e-06,2.2030168963666068e-05,25024.0
2022-12-18,2.278384299172977e-06,9.360684383036956e-05,1.078359393345316e-05,2.523169241097764e-05,23855.0
2022-12-19,2.8144833542495536e-06,0.0001169759561623,1.0768471862076663e-05,2.222588255782764e-05,20934.0
2022-12-20,2.9704624298723505e-06,0.0001473243187843,1.035290455174158e-05,2.6128486208825084e-05,22200.0
2022-12-21,2.978381756916538e-06,0.0001370941238229,1.1251060879891051e-05,2.2990993354989822e-05,26874.0
2022-12-22,2.88380425553108e-06,0.0001302669247516,1.0149883605523951e-05,2.7281528882256727e-05,25510.0
2022-12-23,2.5328769492862697e-06,0.0001352297724425,1.0535350090215586e-05,2.496426543718848e-05,36221.0
2022-12-24,2.5617103582045988e-06,0.0001151519667278,1.2278487639327411e-05,3.547898695115864e-05,31742.0
2022-12-25,2.3999372200814604e-06,0.0001294283188364,1.0939201396906454e-05,2.738086253227344e-05,18500.0
2022-12-26,2.964257458843057e-06,0.0001245478322767,1.1280416103785295e-05,3.0562379031151744e-05,18208.0
2022-12-27,3.1069831183388784e-06,0.0001338851676183,1.2305186765750045e-05,3.315711480632784e-05,25608.0
2022-12-28,2.696160941382649e-06,0.0001481189173833,1.2504572455108586e-05,2.990371392476148e-05,26289.0
2022-12-29,2.8745228455169937e-06,0.0001439894596386,1.170656989646309e-05,3.5907182438548616e-05,26484.0
2022-12-30,2.632836655626767e-06,0.0001454286342608,1.1467354260415784e-05,3.189714174269578e-05,26679.0
2022-12-31,6.006712107409071e-06,0.0001105189934784,1.348751130923686e-05,3.481154593030325e-05,13631.0
2023-01-01,3.814042180041849e-06,0.0001230047368028,1.3770408137812331e-05,4.224491080840105e-05,19863.0
2023-01-02,3.614154801966877e-06,0.0001360790447426,1.32306040245598e-05,4.374456580227921e-05,21421.0
2023-01-03,3.215875878456355e-06,0.0001152084245875,1.1985458568102215e-05,4.688782997310344e-05,27263.0
2023-01-04,3.1638596655173203e-06,0.0001235148791136,1.1769077748587196e-05,4.093226093359984e-05,26387.0
2023-01-05,3.15904682279435e-06,0.0001306966889067,1.3463625147900204e-05,3.5844016294453475e-05,23368.0
2023-01-06,2.813079575401456e-06,0.0001207884043131,1.1472883431386672e-05,3.6582761022916935e-05,20252.0
2023-01-07,2.674474889773769e-06,0.0001218833067282,1.0358857628794252e-05,3.2420235414136086e-05,22492.0
2023-01-08,3.0921970951005987e-06,0.0001221437385781,1.1471257409687106e-05,3.785310545763848e-05,27750.0
2023-01-09,3.1202444202535644e-06,0.0001262278283446,1.05042565216974e-05,3.036431529175164e-05,28821.0
2023-01-10,2.960314761399784e-06,0.0001357920856316,1.064317962535189e-05,2.8373653696404008e-05,29113.0
2023-01-11,3.118994118899577e-06,0.0001163040161532,9.874213148639718e-06,2.825324163397687e-05,28723.0
2023-01-12,2.905035833152358e-06,0.0001508031911951,1.219581423310614e-05,2.987557721954842e-05,27263.0
2023-01-13,2.4725152180788698e-06,0.0001344864111918,1.018265893183908e-05,3.505181702653199e-05,25510.0
2023-01-14,2.745178318817497e-06,0.0001090857509082,9.884298758573882e-06,3.253731670802563e-05,24634.0
2023-01-15,2.6958078119052844e-06,0.0001242720876526,1.0018156635407188e-05,2.6570866203425188e-05,24634.0
2023-01-16,2.9894677118999617e-06,0.0001380405277546,1.1191946759407251e-05,3.217410049258548e-05,22492.0
2023-01-17,3.145633633031024e-06,0.0001587996884671,1.0616030345346444e-05,3.456524072862198e-05,21616.0
2023-01-18,2.8096613292652405e-06,0.0001368226267412,1.1062381555443387e-05,1.8236145564724435e-05,18013.0
2023-01-19,2.885612815569348e-06,0.0001275285503105,1.4558743575656062e-05,2.478315477168666e-05,18013.0
2023-01-20,2.8709988833400308e-06,0.0001451427795402,1.1819032816819828e-05,2.8119400931049905e-05,22784.0
2023-01-21,2.910792442297452e-06,0.000161446437755,1.0652897409016372e-05,3.450279454283246e-05,24926.0
2023-01-22,2.6380884490905607e-06,0.0001334211913491,1.1531772183816448e-05,3.1141132546936696e-05,22687.0
2023-01-23,2.9958933820533037e-06,0.0001417856768651,1.1022694976039342e-05,3.491236389490832e-05,19474.0
2023-01-24,2.8973690525535025e-06,0.0001430006686843,1.0413549749770827e-05,2.664323658445681e-05,19766.0
2023-01-25,2.9121522843490648e-06,0.0001394798698056,1.1524858252605856e-05,2.5658479599244732e-05,21324.0
2023-01-26,3.146628208841931e-06,0.0001451159323545,1.1120862204429387e-05,3.1710508799823176e-05,21129.0
2023-01-27,3.142222214463649e-06,0.0001557527043372,1.0169431328472448e-05,2.482632054261954e-05,22297.0
2023-01-28,3.1514169060149283e-06,0.0001519245572612,1.2761537902749229e-05,3.206391307249464e-05,23271.0
2023-01-29,2.64538672830988e-06,0.0001344610490686,1.2004250200469528e-05,3.208182753186952e-05,21421.0
2023-01-30,3.1739741720227483e-06,0.0001481104406036,1.1409706803523426e-05,2.337339224967169e-05,18110.0
2023-01-31,3.2135463357328155e-06,0.0001463977953147,1.1311911971813685e-05,2.4405175308549044e-05,19181.0
2023-02-01,3.0565372808692112e-06,0.0001474081039262,1.2214664341965888e-05,2.2327901177289332e-05,19863.0
2023-02-02,3.0693702471720667e-06,0.0001720379278266,1.2229295314171682e-05,2.8160608769782476e-05,19960.0
2023-02-03,3.043974328233548e-06,0.000169311280698,1.097080494412959e-05,2.31549159584607e-05,20447.0
2023-02-04,3.0299284558966703e-06,0.000151006571606,1.1478297409173604e-05,3.4055102560276656e-05,21616.0
2023-02-05,2.7485222594850517e-06,0.0001435288896053,1.1266454547127888e-05,3.5505653914556075e-05,19474.0
2023-02-06,2.8594958574824204e-06,0.0001542140488498,1.181008870790296e-05,2.274631218951607e-05,16163.0
2023-02-07,3.02279121619006e-06,0.0001432153006541,1.1753842397045036e-05,2.512785076107901e-05,17818.0
2023-02-08,3.0045440922953685e-06,0.0001602321009871,1.33150776238695e-05,2.4916025208788504e-05,18110.0
2023-02-09,3.1564482013045856e-06,0.0001670258767496,1.0666082813239548e-05,2.4632309803473894e-05,20252.0
2023-02-10,3.095291030578813e-06,0.0001767531132908,1.2256276383425606e-05,2.810580745339561e-05,21324.0
2023-02-11,2.66506171091411e-06,0.0001723344291661,1.3877573526622644e-05,4.216118219954888e-05,23076.0
2023-02-12,2.8037887571059536e-06,0.0001633873355105,1.304218500536512e-05,3.549105481146171e-05,20545.0
2023-02-13,2.540781168663887e-06,0.0001571024896373,1.1038780861400888e-05,2.1706978232534905e-05,17818.0
2023-02-14,2.9080155989446344e-06,0.0001561111067784,1.1047410414556792e-05,2.3273834113723545e-05,18597.0
2023-02-15,2.759643920115604e-06,0.000167226846733,1.0965046793034289e-05,2.684175157767188e-05,18792.0
2023-02-16,2.956555916296384e-06,0.0001666405450179,1.3139755703323272e-05,2.753405044238041e-05,21810.0
2023-02-17,3.194085833988318e-06,0.0001916859435581,1.1358213595394608e-05,2.8721868408225604e-05,21810.0
2023-02-18,2.5258387095470017e-06,0.000197420646457,1.231374606115211e-05,3.3478210560392744e-05,22881.0
2023-02-19,2.7414097041092077e-06,0.0001754717505934,1.3099422679659022e-05,2.6751260095814097e-05,21226.0
2023-02-20,3.330950415715557e-06,0.0001775541720091,1.1915221886228909e-05,2.5341013284782552e-05,19766.0
2023-02-21,3.33768022441456e-06,0.0001654570830334,1.1589382022342754e-05,1.5458233570474085e-05,21129.0
2023-02-22,3.260124192501317e-06,0.000170130892107,1.354776654303198e-05,2.4757984322325475e-05,22102.0
2023-02-23,3.1461989898338515e-06,0.0001802910751238,1.1458167299585892e-05,2.050970524135284e-05,23563.0
2023-02-24,3.011902462850999e-06,0.0001733635471795,1.2371244940559137e-05,2.2593349740535312e-05,21713.0
2023-02-25,2.8628427277043685e-06,0.0001662888575163,1.163689379037421e-05,2.214094865545191e-05,20934.0
2023-02-26,2.830514230205677e-06,0.0001525093983359,1.0929957613508408e-05,2.6513487248635907e-05,20837.0
2023-02-27,2.967027378023188e-06,0.0001524408850089,1.1300637479121531e-05,2.2959404389548105e-05,17916.0
2023-02-28,3.175892727891662e-06,0.0001583922026584,1.1917640523282938e-05,1.953705750947309e-05,21616.0
2023-03-01,2.927661510654884e-06,0.000163310070597,1.3009175933911074e-05,1.775657511179244e-05,18305.0
2023-03-02,3.063253036627425e-06,0.000160874687859,1.1204102708861676e-05,1.96452661747061e-05,19960.0
2023-03-03,3.279431022932728e-06,0.0001720832740475,1.2450907963209236e-05,3.204447330902557e-05,20058.0
2023-03-04,3.023668118647393e-06,0.0001597913090853,1.0523461963641976e-05,2.596213228290546e-05,21908.0
2023-03-05,2.761067671493023e-06,0.0001521537018375,1.1987003490048544e-05,3.5432845689957023e-05,19376.0
2023-03-06,3.115941177065994e-06,0.0001489014015409,1.2058624740364708e-05,2.151890717208059e-05,17331.0
2023-03-07,3.04952077597477e-06,0.0001505819027288,1.233148216556004e-05,2.120136847766401e-05,17429.0
2023-03-08,3.1655710883126106e-06,0.0001472665784237,1.1981402082007291e-05,1.966354901522648e-05,
2023-03-09,3.3727641643905294e-06,0.0001501472532436,1.2362688906635384e-05,2.0816143295320883e-05,
2023-03-10,3.432400979089079e-06,0.0001462866315597,1.1641901494303777e-05,1.90916311016853e-05,
2023-03-11,2.753598091199362e-06,0.0001520386813024,1.2280182443188118e-05,2.891358673043391e-05,
2023-03-12,2.829967939921677e-06,0.000138750088827,1.1367809484676006e-05,2.8129649021592425e-05,
2023-03-13,2.728773717551589e-06,0.0001561164699713,9.969203956131984e-06,2.0780157144684995e-05,
2023-03-14,3.1251578655835203e-06,0.0001592369857239,9.664287711643748e-06,2.1660973039790244e-05,
2023-03-15,2.856981217695442e-06,0.0001663903970805,1.2462231996910854e-05,2.932143247621982e-05,
2023-03-16,2.8415603585969723e-06,0.0001570509188227,1.0855344042450724e-05,2.3855356696003888e-05,
2023-03-17,2.808850654414444e-06,0.0001568398618044,1.222196165902907e-05,2.8382218831681773e-05,
2023-03-18,2.5311576108933277e-06,0.0001427372124798,1.2028559418147796e-05,2.937230740546108e-05,
2023-03-19,2.7241776039985047e-06,0.0001569497990059,1.3015275595123476e-05,3.378559262076846e-05,
2023-03-20,2.9116632925597285e-06,0.0001507481828246,1.2251335584060749e-05,2.576495916006233e-05,
2023-03-21,2.831732894667941e-06,0.0001547832954147,1.120657700708607e-05,2.4535358667639505e-05,
2023-03-22,2.9983340951530494e-06,0.0001366313903103,9.819656310128567e-06,1.6909601271602017e-05,
2023-03-23,3.055585865864051e-06,0.0001517058075346,1.1878846099219354e-05,2.944354793719536e-05,
2023-03-24,2.868868068433693e-06,0.0001679026980949,1.1191434155295895e-05,2.6484537492173388e-05,
2023-03-25,2.743435698665267e-06,0.0001557014280438,1.1696877484153025e-05,2.910960897918423e-05,
2023-03-26,4.8682607142783495e-06,0.0001591495877359,1.3366456511180904e-05,3.242067586919832e-05,
2023-03-27,3.278308750914976e-06,0.0001492917847375,1.172236634115357e-05,2.0313625684437007e-05,
2023-03-28,3.209038820629533e-06,0.000148984276655,1.2044107816941414e-05,2.5359963093160092e-05,
2023-03-29,2.970676013504009e-06,0.0001540339416567,1.1252788729458973e-05,2.4842351240394626e-05,
2023-03-30,2.815302617477793e-06,0.0001589672315727,1.146992286731759e-05,2.5895294627936687e-05,
2023-03-31,2.7337904472839773e-06,0.000148388181763,1.1365810876630296e-05,3.2511348492583194e-05,
2023-04-01,2.390214255138088e-06,0.0001554108158259,1.2761758018006938e-05,3.0077814216133352e-05,
2023-04-02,2.5863206354706552e-06,0.0001472865538073,1.1987615770709064e-05,2.758548639521961e-05,
2023-04-03,2.784811874057002e-06,0.0001439615354206,1.122163264780241e-05,2.3360807674533164e-05,
2023-04-04,2.9708906489115364e-06,0.0001406858267231,1.0064292649371796e-05,2.9247193059930923e-05,
2023-04-05,2.742529488754951e-06,0.0001354184149809,1.0643141820437333e-05,2.2875754695657148e-05,
2023-04-06,2.975823422959853e-06,0.0001261412791658,1.0256056092901487e-05,2.244413326778917e-05,
2023-04-07,2.6808654436632744e-06,0.0001244210528207,1.0616187412369518e-05,2.4372865117555443e-05,
2023-04-08,2.5047563841503538e-06,0.000137142943755,1.0639466338413965e-05,3.158221505331617e-05,
2023-04-09,2.605234982673972e-06,0.000125299452944,1.0331146165120514e-05,3.408564927268551e-05,
2023-04-10,2.728470139860573e-06,0.0001450640207647,9.942355711319848e-06,2.8048610111230105e-05,
2023-04-11,2.915985502592779e-06,0.000169533301807,9.273502672438e-06,2.1649135552828957e-05,
2023-04-12,3.0543244847856163e-06,0.0001633917660095,9.225205211869284e-06,1.7564780419661027e-05,
2023-04-13,3.0857712950611315e-06,0.0001635806936224,9.390578388946988e-06,2.2852366197140747e-05,
2023-04-14,3.002697982631511e-06,0.0001737833585055,1.0549803894710882e-05,2.4815856548675977e-05,
2023-04-15,2.6885180321126862e-06,0.0001627057945334,8.398937606383687e-06,2.15971726215728e-05,
2023-04-16,3.0043283179010075e-06,0.0001497799570638,1.0130797898115912e-05,3.6110828690929874e-05,
2023-04-17,3.1543083345397416e-06,0.0001480761256405,1.0242769800049502e-05,2.6385375618765735e-05,
2023-04-18,3.217768659615126e-06,0.0001715596409935,9.923324007184751e-06,2.056572071863953e-05,
2023-04-19,2.993698176291228e-06,0.000156936413663,1.0488044549793948e-05,3.3130843876507e-05,
2023-04-20,3.10050437454913e-06,0.000144197507562,1.0958245888341544e-05,2.540070826851113e-05,
2023-04-21,3.331862562107588e-06,0.0001831130526907,1.066561935543101e-05,2.549673728683424e-05,
2023-04-22,2.7379863147238405e-06,0.0001681369173023,1.0798356899792428e-05,2.6869896330050668e-05,
2023-04-23,2.6655437071582986e-06,0.0001616386060971,1.2048101652976629e-05,3.273938104595261e-05,
2023-04-24,3.122611241481759e-06,0.0001680326622507,1.0322001217799537e-05,1.729546435482239e-05,
2023-04-25,2.839817320456346e-06,0.0001638090652948,1.0861684416360884e-05,2.344641058144073e-05,
2023-04-26,3.034977602112377e-06,0.0001563089420474,1.0686431313975816e-05,2.3887308453645337e-05,
2023-04-27,3.0801818835539653e-06,0.0001746517179397,1.0664945708598177e-05,1.915975885930863e-05,
2023-04-28,3.24789458890813e-06,0.0001816599542611,1.170651596244788e-05,2.519973721948444e-05,
2023-04-29,2.8017106661637875e-06,0.000205048465372,1.1885706200199864e-05,3.882333077074933e-05,
2023-04-30,2.9848540264648634e-06,0.0002087750684306,1.4910063680783238e-05,3.424598383946912e-05,
2023-05-01,3.1725481916736145e-06,0.0002224917652391,1.2774747358868297e-05,2.807334212618136e-05,
2023-05-02,2.9349033228090097e-06,0.0001870930314828,1.274837302448064e-05,2.6835348980686627e-05,
2023-05-03,3.09373078207453e-06,0.0001850011361732,1.2179623364343605e-05,2.680245160167205e-05,
2023-05-04,3.049134397972856e-06,0.0001809896393104,1.1327873119215916e-05,1.775086475854585e-05,
2023-05-05,2.934716641369409e-06,0.0001707759543552,1.1341007813217042e-05,2.8406031073830824e-05,
2023-05-06,2.4996933890861628e-06,0.0001296494883574,1.3271513619548802e-05,3.546975043549892e-05,
2023-05-07,2.7425270119709245e-06,0.0002095898724802,1.4433087942473964e-05,3.25511414600272e-05,
2023-05-08,3.070781281636705e-06,0.0001547926472425,1.3473042921306452e-05,2.5736051060325305e-05,
2023-05-09,2.8356373315694298e-06,0.0001613465099649,1.0812678888500096e-05,2.0462870122163332e-05,
2023-05-10,3.1428825230725656e-06,0.0001579513786908,1.3346091404910847e-05,2.2307940753989e-05,
2023-05-11,2.869986432068103e-06,0.0001775939795234,1.1616248447935668e-05,3.121136033590415e-05,
2023-05-12,2.7801621645980858e-06,0.0001797584654682,1.1991998004311622e-05,4.3989451613306046e-05,
2023-05-13,2.567132312162008e-06,0.0001532475972179,1.1491436368304252e-05,2.8457268598562244e-05,
2023-05-14,2.6999395213547216e-06,0.0001625720701183,1.072371954609523e-05,2.575280540880782e-05,
2023-05-15,2.7837844743102577e-06,0.0001560136383919,8.84785819319683e-06,2.5738086866751564e-05,
2023-05-16,3.0404185086135936e-06,0.0001446561488124,1.1684987577133124e-05,1.7930601675131978e-05,
2023-05-17,2.775792927612555e-06,0.0001716882086338,1.021787503343588e-05,2.11970164849896e-05,
2023-05-18,3.2128017058787134e-06,0.0001629467094079,1.0641898073271296e-05,1.979588298105009e-05,
2023-05-19,2.620081863351027e-06,0.0001572023665097,1.203913692289802e-05,2.2280641189670904e-05,
2023-05-20,2.9654809662622465e-06,0.0001843049394706,1.0405742237752773e-05,3.516495882183322e-05,
2023-05-21,2.8534934019199925e-06,0.0001683642862949,1.2707329861560484e-05,2.9404613131421656e-05,
2023-05-22,3.72548521157688e-06,0.0001676609815385,1.0914952870225777e-05,2.5825100101878837e-05,
2023-05-23,3.396421133240481e-06,0.0001621184616664,1.048054667620351e-05,1.975019177192381e-05,
2023-05-24,3.051437453759672e-06,0.0001509844063251,1.0172948021012772e-05,1.9767627782074666e-05,
2023-05-25,3.4595387771177423e-06,0.0001810279925145,9.94107592927521e-06,2.5941750393666063e-05,
2023-05-26,2.8972975053095867e-06,0.0001902079294879,9.57087904432654e-06,3.0335668771267525e-05,
2023-05-27,2.869009258636141e-06,0.0001830764051784,1.227770958665988e-05,3.251680034684587e-05,
2023-05-28,2.9581307956377448e-06,0.0001607155209278,1.2277899264359973e-05,3.832434087915377e-05,
2023-05-29,2.686463637861109e-06,0.0001606993114163,1.2054623238985815e-05,3.315285746550549e-05,
2023-05-30,3.068322771286293e-06,0.0001550474443796,9.950842481480466e-06,2.6124329680434905e-05,
2023-05-31,2.903465529416526e-06,0.000173964994617,1.0830505759924024e-05,3.144417762312832e-05,
2023-06-01,2.8770328967933176e-06,0.0001681874328805,1.1118533155901891e-05,3.6630256591944944e-05,
2023-06-02,3.018596698440897e-06,0.0001696085819002,1.1885709811094122e-05,3.907312954835649e-05,
2023-06-03,2.603871436051121e-06,0.0001781136133756,1.2257894452483173e-05,3.337824112808185e-05,
2023-06-04,2.898344407321204e-06,0.000176982495612,1.3198422774871782e-05,4.227648629873526e-05,
2023-06-05,3.133022054816376e-06,0.0001755763623896,1.1682496683556704e-05,3.67386272753221e-05,
2023-06-06,3.0816712835982e-06,0.0001705532942992,9.824503598600292e-06,2.1605863405297088e-05,
2023-06-07,3.156350159957016e-06,0.0001917068466146,1.159606939059291e-05,3.557156453995712e-05,
2023-06-08,2.8216073346109555e-06,0.000172811340978,1.125223141677434e-05,2.982199545853612e-05,
2023-06-09,3.2480433379893443e-06,0.0001896034592423,1.1209092816092417e-05,2.8052823797243432e-05,
2023-06-10,2.746005059063394e-06,0.0001797301219548,1.1314333735395834e-05,3.437150637556009e-05,
2023-06-11,2.7231426782543333e-06,0.0001680725244891,1.0661601128596678e-05,2.820503801707301e-05,
2023-06-12,3.1055795211113256e-06,0.0001568144617604,1.7060217904298842e-05,3.2421245374395485e-05,
2023-06-13,3.162660201632672e-06,0.0001856304538883,1.4133260820283152e-05,3.042951565644225e-05,
2023-06-14,3.009125111395109e-06,0.0001811499548021,1.1470769338499438e-05,3.8279828820457785e-05,
2023-06-15,2.8947727525230404e-06,0.0001637416220182,9.794515064308791e-06,2.789318724024469e-05,
2023-06-16,3.050838215692829e-06,0.000178277704333,1.0938457232474092e-05,2.3466891948829376e-05,
2023-06-17,3.106982021506069e-06,0.000183985141797,1.3448831186395862e-05,4.183666964171873e-05,
2023-06-18,2.830597540912417e-06,0.0001567729168814,1.298846670543938e-05,3.81128117654969e-05,
2023-06-19,3.2212861856603364e-06,0.0001566111056172,1.168807770462118e-05,3.022094909399972e-05,
2023-06-20,3.2230385206767605e-06,0.0001695256521819,1.1397081601506544e-05,4.68877795639789e-05,
2023-06-21,2.963364566061064e-06,0.000155429084417,1.2457331088290825e-05,3.5660943460056046e-05,
2023-06-22,2.8907569647960976e-06,0.0001684056923748,1.02164479035163e-05,3.1758266070039465e-05,
2023-06-23,2.817012183601072e-06,0.0001692012836871,1.2860998258367238e-05,3.3205026650723334e-05,
2023-06-24,2.7082430675984603e-06,0.0001603848830188,9.250315517680768e-06,2.4402056415520927e-05,
2023-06-25,2.8012665926898847e-06,0.0001773591689655,1.234691968030598e-05,4.017962204368864e-05,
2023-06-26,3.1355460997998434e-06,0.0001716581956425,1.1971169950757624e-05,4.631207182512863e-05,
2023-06-27,3.214138075746945e-06,0.000156329722185,1.4323552770404138e-05,3.623884173888187e-05,
2023-06-28,3.277954524452315e-06,0.0001456348563935,1.1131722467075943e-05,3.1950555875771124e-05,
2023-06-29,3.488199357437265e-06,0.0001647731610219,1.1664372304321113e-05,3.6204284319924464e-05,
2023-06-30,3.029965264316725e-06,0.0001697869034171,1.4259986011524125e-05,4.018057719602074e-05,
2023-07-01,3.1708481433845517e-06,0.0001839220317478,1.5330615819553514e-05,4.796347102047081e-05,
2023-07-02,3.2650785319442186e-06,0.0001770808502284,1.5317796241635898e-05,5.326236022188042e-05,
2023-07-03,3.4383080394400017e-06,0.000174441505824,1.2753797803729475e-05,4.308587802275534e-05,
2023-07-04,4.165476807774025e-06,0.0001738643458307,1.1970182991623628e-05,3.890074435383482e-05,
2023-07-05,3.2587107503445743e-06,0.0001822714794302,1.3165249416217658e-05,3.829441280687706e-05,
2023-07-06,3.5552614012742715e-06,0.0001770423858107,1.4805370004848856e-05,4.195557398310178e-05,
2023-07-07,3.285910913546985e-06,0.0002194922337676,1.3554510600339673e-05,4.200150650686546e-05,
2023-07-08,2.938693062139797e-06,0.0002036202364359,1.1854018531525724e-05,4.349326289357778e-05,
2023-07-09,3.2837662857000234e-06,0.0001877880568702,1.298327757474986e-05,4.704214662723489e-05,
2023-07-10,3.592540409262204e-06,0.0002005493195739,1.3086669485874558e-05,3.9482429222261946e-05,
2023-07-11,3.6064588510610817e-06,0.0001816342840629,1.2614313158397315e-05,3.775478428949207e-05,
2023-07-12,3.541015321026647e-06,0.0001928881966675,1.162420914990153e-05,3.966885440994366e-05,
2023-07-13,3.238522079899017e-06,0.0002790713203766,1.212606027707374e-05,4.583844240972692e-05,
2023-07-14,3.158009575878585e-06,0.0002416921810738,1.2796808354122116e-05,8.635489234290772e-05,
2023-07-15,3.0812522519716223e-06,0.0002653138431013,1.3400313336292184e-05,4.7571603042982055e-05,
2023-07-16,3.129893741918743e-06,0.0002074798526322,1.3957419493823586e-05,4.275548181865053e-05,
2023-07-17,3.2591707665791843e-06,0.0002122824586249,1.2162295341350592e-05,4.13711293417157e-05,
2023-07-18,3.2044679494537705e-06,0.0002381832776098,1.4428975009316671e-05,5.711424256257931e-05,
2023-07-19,3.0795760471745868e-06,0.0002196978406615,1.406248785878533e-05,5.440858886620273e-05,
2023-07-20,3.4406517675795493e-06,0.0002149297880846,1.305643571803366e-05,5.846772464664056e-05,
2023-07-21,3.197575585400847e-06,0.0002172223977785,1.3708133572053529e-05,4.871778682499557e-05,
2023-07-22,3.010103190255151e-06,0.0002177445044527,1.3794012706925527e-05,5.2582783289744975e-05,
2023-07-23,3.445415509421097e-06,0.0002076777020604,1.5180673454858591e-05,4.7804350117492905e-05,
2023-07-24,3.1002903871508326e-06,0.0002613178080972,1.355527070907372e-05,4.312594709784683e-05,
2023-07-25,3.3057358847810284e-06,0.0002026873165197,1.3856935941333774e-05,4.517216538718489e-05,
2023-07-26,3.0641023289909e-06,0.0002091895062888,1.3313734377187064e-05,3.557563448971415e-05,
2023-07-27,2.9809517108450275e-06,0.0002565347084857,1.3669552738382082e-05,4.882981101816783e-05,
2023-07-28,3.4252293319933507e-06,0.0003357496746354,1.539560938230895e-05,4.44147704027192e-05,
2023-07-29,3.4521755493288973e-06,0.0004344009416254,1.7000970354747444e-05,5.59288944809442e-05,
2023-07-30,3.5804300046144386e-06,0.0004384589023722,1.7381475120573386e-05,5.415021037932799e-05,
2023-07-31,3.6551319141326745e-06,0.0002531347299995,1.4362601593534292e-05,5.5238040497694745e-05,
2023-08-01,3.278072606895271e-06,0.0002021082617584,1.2688543943733096e-05,3.520194235764186e-05,
2023-08-02,3.3131880293171545e-06,0.0002223311725078,1.304867779425598e-05,3.752389216571489e-05,
2023-08-03,3.989564172969338e-06,0.0001866168095272,1.2496922260961028e-05,5.390313851023976e-05,
2023-08-04,3.490436360448793e-06,0.0002038545159744,1.246475758236257e-05,5.3012431415166855e-05,
2023-08-05,3.2003432727382218e-06,0.0001891881995386,1.3096300459312667e-05,4.673257818060212e-05,
2023-08-06,3.220244967789756e-06,0.0001793156561876,1.4142532515144637e-05,4.439210755890575e-05,
2023-08-07,3.4994244677017044e-06,0.0002064480213689,1.2010945355107132e-05,4.700752081160052e-05,
2023-08-08,3.498072814630065e-06,0.0002076652986069,1.4345410636459891e-05,5.225738026626719e-05,
2023-08-09,3.3007807988809505e-06,0.0001817460817486,1.2180677989824923e-05,4.962486449768045e-05,
2023-08-10,3.0692188528233075e-06,0.0002119986627776,1.3594827950237155e-05,4.664238785911027e-05,
2023-08-11,2.9747145457302248e-06,0.0002006204218491,1.405160722978354e-05,4.1314945091173233e-05,
2023-08-12,2.963664611444927e-06,0.0002599641501559,1.4316783565373688e-05,4.7564666831735325e-05,
2023-08-13,3.0437098359801107e-06,0.0002188222479358,1.441968771933754e-05,5.449883742747182e-05,
2023-08-14,3.11553701116944e-06,0.0001913928945835,1.3300765244874978e-05,4.529847522948248e-05,
2023-08-15,2.837276301492366e-06,0.0001697223364428,1.4689323943660927e-05,3.1638234913538746e-05,
2023-08-16,3.219598989275149e-06,0.0001650921966375,1.1638410925256246e-05,4.160617509277625e-05,
2023-08-17,3.5207396665697966e-06,0.000179872658046,1.409647751124175e-05,4.193331832966897e-05,
2023-08-18,3.2169067949468943e-06,0.0002089680342144,1.3518196817465854e-05,4.3990152546752415e-05,
2023-08-19,2.883199788413328e-06,0.0001893827520109,1.2306763495353036e-05,4.147768396908253e-05,
2023-08-20,2.735958222958052e-06,0.0001889139720331,1.2164645047130169e-05,4.22248469151987e-05,
2023-08-21,3.177916750128212e-06,0.0001706183992267,1.3115197223668351e-05,3.959075737118851e-05,
2023-08-22,3.140534373428567e-06,0.0001556212767382,1.0695648188403053e-05,3.385859946139273e-05,
2023-08-23,2.937996726389473e-06,0.0001552269135244,1.1351047874377816e-05,2.8296241941134917e-05,
2023-08-24,2.906737733399969e-06,0.0001542668836456,1.0409517014077045e-05,3.279510976069688e-05,
