,,weekly_pre_median,weekly_post_median,diff_weekly_median,rel_change_max_within1month,rel_change_max_time_within1month
Aachen,English,4.795161102434145e-06,5.409973244075085e-06,6.1481214164094e-07,25.709033560727423,2022-03-14
Aachen,Polish,1.913028553185601e-05,2.5070188943190197e-05,5.939903411334187e-06,23.296575021035615,2022-03-21
Aachen,Russian,7.076901912482036e-06,8.689919359082181e-06,1.6130174466001445e-06,23.491476973693693,2022-03-21
Aachen,Ukrainian,5.00265140524478e-06,1.2114831362923134e-05,7.112179957678354e-06,275.8066129311113,2022-03-21
Aachen,Lithuanian,1.6927666201469322e-05,1.4546835939793714e-05,-2.3808302616756076e-06,68.61453252617638,2022-03-07
Aachen,German,3.0941988836346234e-05,3.558577829362709e-05,4.643789457280855e-06,-0.9620742350171074,2022-03-14
Aachen,Japanese,1.6451527688861188e-06,2.0959330443579893e-06,4.507802754718705e-07,67.0038463402121,2022-03-07
Aachen,Spanish; Castilian,8.02913894083261e-06,1.0064193560710107e-05,2.0350546198774974e-06,69.68364271318868,2022-03-07
Aachen,French,1.5901001840392895e-05,1.6174473719543747e-05,2.7347187915085166e-07,27.36204296283029,2022-03-14
Aachen,Italian,1.4079717033291513e-05,1.6829407641880376e-05,2.7496906085888623e-06,29.756741774020746,2022-03-07
Aachen,Chinese,3.859695194007701e-06,4.791897821613765e-06,9.322026276060636e-07,48.02472932995738,2022-03-07
Aachen,Persian,4.039453858456593e-06,5.10555525170937e-06,1.0661013932527768e-06,53.82807629432784,2022-03-07
Aachen,Portuguese,5.635191423885171e-06,8.314488392709533e-06,2.679296968824362e-06,77.59619511234168,2022-03-21
Aachen,Arabic,4.083484194333127e-06,4.7799795508744155e-06,6.964953565412885e-07,60.040064066320944,2022-03-21
Aachen,Turkish,6.630166979725855e-06,8.55726333452611e-06,1.9270963548002554e-06,37.67829564249754,2022-03-21
Aachen,Indonesian,1.9934731432527853e-06,2.8585104789211872e-06,8.65037335668402e-07,83.41552330088098,2022-02-28
Aachen,Dutch; Flemish,2.627780485851556e-05,3.743448530279687e-05,1.115668044428131e-05,60.74775025638488,2022-03-21
Augsburg,English,2.3391252551625414e-06,2.709682538085248e-06,3.705572829227066e-07,14.585373216650432,2022-03-07
Augsburg,Polish,7.836163770533741e-06,9.711082479611491e-06,1.8749187090777505e-06,11.620122994711334,2022-03-21
Augsburg,Russian,3.7723488699737775e-06,5.236667934159339e-06,1.4643190641855614e-06,104.20141650803112,2022-03-14
Augsburg,Ukrainian,3.5212881032345394e-06,9.381957498766842e-06,5.860669395532302e-06,386.69054178638345,2022-03-21
Augsburg,Lithuanian,7.162775583078207e-06,8.90863531104562e-06,1.745859727967413e-06,46.53660053499531,2022-03-21
Augsburg,German,2.9801938930950274e-05,3.4991113829798456e-05,5.189174898848182e-06,1.027666397129412,2022-03-14
Augsburg,Japanese,1.342956776758523e-06,1.495093174177723e-06,1.5213639741919998e-07,18.707601660194783,2022-03-14
Augsburg,Spanish; Castilian,2.790232161571614e-06,3.6026814631101973e-06,8.124493015385834e-07,31.08696463014762,2022-03-14
Augsburg,French,3.3095304113865813e-06,4.005892524683303e-06,6.963621132967215e-07,32.54065931124204,2022-03-14
Augsburg,Italian,6.804350765620528e-06,9.188625826428322e-06,2.384275060807794e-06,39.46842344356518,2022-03-14
Augsburg,Chinese,1.568772651842779e-06,2.167283215512556e-06,5.985105636697769e-07,71.57028658168055,2022-03-14
Augsburg,Persian,1.2885308465534195e-06,1.7175732645520087e-06,4.2904241799858923e-07,92.23477507916363,2022-03-14
Augsburg,Portuguese,2.2029157246071185e-06,3.391498663355256e-06,1.1885829387481377e-06,42.711858078358404,2022-03-21
Augsburg,Arabic,1.667228411492779e-06,2.102584196613437e-06,4.3535578512065827e-07,35.865942298131955,2022-03-07
Augsburg,Turkish,4.623478530891368e-06,5.994535223879466e-06,1.3710566929880981e-06,80.37011875221731,2022-03-21
Augsburg,Indonesian,5.83850395823093e-07,9.276595096275787e-07,3.4380911380448565e-07,64.18063613042861,2022-03-07
Augsburg,Dutch; Flemish,6.441725201371014e-06,1.0971019348581951e-05,4.5292941472109375e-06,64.34472923588731,2022-03-21
Berlin,English,1.7382760700934946e-05,2.070883612752557e-05,3.326075426590624e-06,34.93147196081572,2022-02-28
Berlin,Polish,7.313870755180271e-05,8.56868642368199e-05,1.254815668501719e-05,18.148847169873683,2022-03-21
Berlin,Russian,3.4381046013043224e-05,3.9364736749732834e-05,4.98369073668961e-06,27.859659888010825,2022-03-14
Berlin,Ukrainian,4.177233379934502e-05,6.094108736955397e-05,1.916875357020895e-05,43.34243469165775,2022-03-07
Berlin,Lithuanian,9.880785115560829e-05,0.00013289634811481163,3.408849695920334e-05,85.54190357043841,2022-03-14
Berlin,German,0.00014355514376610188,0.0001508385058055239,7.283362039422033e-06,-2.6755632502130644,2022-03-21
Berlin,Japanese,1.0044799060668853e-05,1.088526797080138e-05,8.404689101325267e-07,73.69594359558292,2022-02-28
Berlin,Spanish; Castilian,2.459443634118827e-05,2.981941908395806e-05,5.2249827427697906e-06,23.16379568360052,2022-03-21
Berlin,French,2.434070674869427e-05,2.5162544953221967e-05,8.21838204527696e-07,12.954980511134483,2022-03-21
Berlin,Italian,3.1835748895543895e-05,3.766893712664601e-05,5.833188231102115e-06,27.989205678068952,2022-03-07
Berlin,Chinese,1.538550382708702e-05,1.8866412672640704e-05,3.480908845553683e-06,61.30039310818254,2022-02-28
Berlin,Persian,2.8070201918395826e-05,3.429931942879134e-05,6.229117510395512e-06,50.37876504014675,2022-02-28
Berlin,Portuguese,2.4632957815930092e-05,3.29451519511794e-05,8.312194135249307e-06,56.50511355795527,2022-03-21
Berlin,Arabic,2.49751859910813e-05,2.815563591585367e-05,3.180449924772369e-06,42.300696517867365,2022-02-28
Berlin,Turkish,4.811736825178622e-05,5.9845091856896825e-05,1.1727723605110603e-05,51.40146907293111,2022-03-21
Berlin,Indonesian,1.616067756231519e-05,1.9172318843269853e-05,3.0116412809546645e-06,60.752806931441384,2022-02-28
Berlin,Dutch; Flemish,6.0846461771192525e-05,8.204818511339896e-05,2.1201723342206434e-05,74.13082874909318,2022-03-14
Bielefeld,English,1.3967541787396333e-06,1.48272726547398e-06,8.597308673434675e-08,2.445050532954207,2022-03-14
Bielefeld,Polish,6.247806052344798e-06,7.761077397748411e-06,1.513271345403613e-06,25.056308278274297,2022-03-21
Bielefeld,Russian,2.2165614947213654e-06,3.2760322619104597e-06,1.0594707671890943e-06,151.6268229036203,2022-03-14
Bielefeld,Ukrainian,2.310758401781622e-06,7.471813135760781e-06,5.1610547339791595e-06,562.8261664328841,2022-03-21
Bielefeld,Lithuanian,5.5967394257142625e-06,6.280262848823791e-06,6.835234231095284e-07,169.47752661420816,2022-03-14
Bielefeld,German,2.584834164018647e-05,2.751407267693036e-05,1.6657310367438875e-06,-1.5554005052359265,2022-03-07
Bielefeld,Japanese,8.886576895716737e-07,6.873858440146629e-07,-2.012718455570108e-07,27.327147905521688,2022-02-28
Bielefeld,Spanish; Castilian,1.1605036796248872e-06,1.2041337306463279e-06,4.363005102144068e-08,30.56259812027793,2022-02-28
Bielefeld,French,1.8254829200972434e-06,1.9025009926281217e-06,7.70180725308783e-08,92.86504116498591,2022-03-21
Bielefeld,Italian,2.410826290226347e-06,2.204032909075314e-06,-2.0679338115103264e-07,24.999841846005722,2022-03-21
Bielefeld,Chinese,7.622145047618659e-07,1.0298355281869681e-06,2.6762102342510224e-07,137.19808951865363,2022-03-14
Bielefeld,Persian,1.0121863794343024e-06,1.3469073018614781e-06,3.347209224271757e-07,58.388325022624365,2022-02-28
Bielefeld,Portuguese,1.196361644904876e-06,1.3969279074867185e-06,2.0056626258184244e-07,36.431787162073135,2022-03-14
Bielefeld,Arabic,1.3694900467433217e-06,1.9000915350211414e-06,5.306014882778198e-07,88.98740284329374,2022-03-21
Bielefeld,Turkish,4.838453217976175e-06,5.444761725925451e-06,6.063085079492758e-07,41.94897246820093,2022-03-21
Bielefeld,Indonesian,2.2841254294196594e-07,4.0219260243755646e-07,1.7378005949559052e-07,167.3120523071231,2022-03-21
Bielefeld,Dutch; Flemish,8.66412976055478e-06,1.1947042318598142e-05,3.2829125580433625e-06,28.004272637478866,2022-03-07
Bochum,English,1.0672069751111306e-06,1.2652020563209848e-06,1.979950812098542e-07,49.35590683236111,2022-03-14
Bochum,Polish,4.912213953226524e-06,6.03603157422634e-06,1.1238176209998158e-06,34.72847113601012,2022-03-14
Bochum,Russian,1.930154406373739e-06,3.4265414011007934e-06,1.4963869947270544e-06,148.572514713348,2022-03-14
Bochum,Ukrainian,1.6187332764618376e-06,6.773653800699758e-06,5.1549205242379204e-06,877.4025818347072,2022-03-07
Bochum,Lithuanian,3.975597780821318e-06,4.083028515482048e-06,1.0743073466072966e-07,4.796815905525409,2022-03-14
Bochum,German,1.875861725587559e-05,2.0569924554182344e-05,1.8113072983067554e-06,12.871416472028475,2022-02-28
Bochum,Japanese,3.700403506410437e-07,5.196968715229535e-07,1.4965652088190985e-07,55.299456865830706,2022-03-14
Bochum,Spanish; Castilian,1.1508079493810333e-06,1.5660975954989604e-06,4.152896461179271e-07,109.61794474411093,2022-03-14
Bochum,French,1.8575032045292999e-06,2.0127873132968296e-06,1.5528410876752977e-07,61.04509484689322,2022-03-14
Bochum,Italian,2.2805453485257324e-06,2.68866606428869e-06,4.0812071576295755e-07,69.90050876723637,2022-03-14
Bochum,Chinese,7.592251404333378e-07,1.026424698857593e-06,2.6719955842425513e-07,102.03832386839164,2022-03-14
Bochum,Persian,3.1723999658153214e-06,3.827217176508786e-06,6.548172106934642e-07,72.73177105967177,2022-03-21
Bochum,Portuguese,1.1175421764965546e-06,1.6424117987037556e-06,5.24869622207201e-07,87.53123858083498,2022-03-14
Bochum,Arabic,2.7302440112149323e-06,4.086388850023667e-06,1.356144838808735e-06,63.01735128798989,2022-03-14
Bochum,Turkish,3.1080913734984872e-06,3.981715217337943e-06,8.73623843839456e-07,44.75026529991588,2022-03-14
Bochum,Indonesian,3.572187661306599e-07,5.38076406223396e-07,1.808576400927361e-07,100.48403923034232,2022-03-21
Bochum,Dutch; Flemish,5.165328318684205e-06,7.789716068719837e-06,2.6243877500356318e-06,52.548196759945974,2022-03-14
Bonn,English,4.6168759419214775e-06,5.224896132588009e-06,6.080201906665316e-07,25.617838715925334,2022-03-14
Bonn,Polish,1.2944284736405647e-05,1.641350483733715e-05,3.4692201009315027e-06,25.569465633904677,2022-03-07
Bonn,Russian,6.792468562238436e-06,8.869598891757017e-06,2.077130329518581e-06,78.49706689417815,2022-03-21
Bonn,Ukrainian,6.742153041457269e-06,1.2507264135513453e-05,5.765111094056184e-06,206.74213409363,2022-03-21
Bonn,Lithuanian,1.7604851192794688e-05,2.5018719294495023e-05,7.413868101700335e-06,79.65168440947213,2022-03-14
Bonn,German,3.125205557908671e-05,3.293410482320534e-05,1.6820492441186317e-06,-12.465464400880212,2022-03-21
Bonn,Japanese,4.053129196669718e-06,4.079154311157952e-06,2.6025114488233695e-08,73.38090701115773,2022-02-28
Bonn,Spanish; Castilian,5.422795396799096e-06,6.713560637130721e-06,1.290765240331625e-06,43.55513779846669,2022-03-07
Bonn,French,5.815352639011794e-06,6.418760394594945e-06,6.034077555831511e-07,25.744023396379802,2022-03-21
Bonn,Italian,7.037378029850459e-06,8.384208983197595e-06,1.3468309533471365e-06,50.64911562730139,2022-02-28
Bonn,Chinese,4.475875800155571e-06,5.951367120448131e-06,1.4754913202925596e-06,42.32455558834409,2022-03-14
Bonn,Persian,7.481171631481794e-06,1.1208655150286246e-05,3.7274835188044518e-06,66.90357528429575,2022-02-28
Bonn,Portuguese,5.298529140085221e-06,7.576398659637896e-06,2.2778695195526745e-06,98.28499471761016,2022-03-21
Bonn,Arabic,5.862457046152262e-06,7.4496147186151755e-06,1.5871576724629133e-06,67.77157157563857,2022-02-28
Bonn,Turkish,1.3936959953533546e-05,1.5242953470737179e-05,1.3059935172036335e-06,57.43510010041781,2022-03-21
Bonn,Indonesian,2.6879033667616557e-06,3.3261746162870644e-06,6.382712495254087e-07,200.72605884551348,2022-03-21
Bonn,Dutch; Flemish,1.5817910328407834e-05,2.3174636107049506e-05,7.356725778641673e-06,36.0507752960888,2022-03-14
Braunschweig,English,1.8117638181122583e-06,1.9174118650217508e-06,1.0564804690949242e-07,4.505343202618395,2022-03-21
Braunschweig,Polish,7.105498494141855e-06,9.984078388152792e-06,2.878579894010937e-06,14.201474404173853,2022-03-21
Braunschweig,Russian,2.7643952132609125e-06,4.390539133962441e-06,1.6261439207015288e-06,100.48354257275611,2022-03-14
Braunschweig,Ukrainian,2.226023652280414e-06,5.5018369373762334e-06,3.2758132850958196e-06,321.73225314795593,2022-03-21
Braunschweig,Lithuanian,3.7654119656544224e-06,6.001469507883019e-06,2.2360575422285964e-06,169.47752661420822,2022-03-14
Braunschweig,German,2.220549708931294e-05,2.5063755909420894e-05,2.858258820107953e-06,-4.190336442731302,2022-03-21
Braunschweig,Japanese,9.032564165136341e-07,1.0471106501975075e-06,1.4385423368387345e-07,8.30460647368676,2022-02-28
Braunschweig,Spanish; Castilian,1.6613583623918127e-06,2.170367368906798e-06,5.090090065149854e-07,60.0541814576417,2022-03-21
Braunschweig,French,2.2292218423381195e-06,2.326473469972376e-06,9.725162763425644e-08,21.54412826941443,2022-03-21
Braunschweig,Italian,2.5191626697745303e-06,2.9318145972943536e-06,4.1265192751982336e-07,4.171659704063035,2022-03-14
Braunschweig,Chinese,1.669031902054282e-06,2.0854333107541104e-06,4.1640140869982833e-07,65.3352021566074,2022-03-14
Braunschweig,Persian,1.20084888687539e-06,1.543840468684468e-06,3.4299158180907803e-07,76.57120081345401,2022-03-14
Braunschweig,Portuguese,1.7313785761408068e-06,2.272178234681026e-06,5.407996585402192e-07,5.368906273483143,2022-03-07
Braunschweig,Arabic,1.7407122956456368e-06,2.1385186150259372e-06,3.978063193803004e-07,73.26260195291918,2022-03-14
Braunschweig,Turkish,3.041264582143372e-06,4.143019294634071e-06,1.1017547124906991e-06,94.23811051350248,2022-03-21
Braunschweig,Indonesian,7.181030353666168e-07,8.869993533197077e-07,1.6889631795309097e-07,55.77988270063112,2022-03-14
Braunschweig,Dutch; Flemish,7.628966630285763e-06,1.1681422110684546e-05,4.052455480398783e-06,85.95521399262695,2022-03-21
Bremen,English,3.261185447887178e-06,3.6879927099146726e-06,4.2680726202749444e-07,3.269642694201913,2022-03-21
Bremen,Polish,1.3802897610207394e-05,1.7966167359449067e-05,4.163269749241674e-06,-3.1933136625347136,2022-03-14
Bremen,Russian,5.597677798276587e-06,8.661636948570587e-06,3.063959150294e-06,84.54003486827848,2022-03-21
Bremen,Ukrainian,6.058108097479848e-06,1.4725938202696744e-05,8.667830105216895e-06,242.78414469660962,2022-03-07
Bremen,Lithuanian,2.2054555798833046e-05,3.282379088406087e-05,1.0769235085227826e-05,99.12639097089956,2022-03-21
Bremen,German,3.942561408855111e-05,3.921943234756708e-05,-2.0618174098402874e-07,-1.210924410953762,2022-03-21
Bremen,Japanese,2.6517265585096067e-06,2.983833091268256e-06,3.3210653275864945e-07,22.005399540219848,2022-02-28
Bremen,Spanish; Castilian,3.899014374248543e-06,5.099404448189145e-06,1.2003900739406016e-06,19.789277163619467,2022-03-21
Bremen,French,5.111310888053841e-06,5.852826813737173e-06,7.415159256833316e-07,8.32315549541567,2022-03-21
Bremen,Italian,6.0662821010410074e-06,7.779928257713413e-06,1.7136461566724054e-06,26.43470796859091,2022-03-21
Bremen,Chinese,3.9747943592958415e-06,5.457118126231487e-06,1.4823237669356455e-06,77.6931338895468,2022-03-14
Bremen,Persian,4.7072261545149065e-06,5.707477174182754e-06,1.0002510196678472e-06,-3.988888894634446,2022-03-07
Bremen,Portuguese,3.4289840842436863e-06,5.023130492276691e-06,1.594146408033005e-06,55.539968218702796,2022-03-21
Bremen,Arabic,3.886835447884971e-06,5.378168685013772e-06,1.4913332371288013e-06,45.28982774684438,2022-03-21
Bremen,Turkish,9.207754516170947e-06,1.4039914097127341e-05,4.832159580956394e-06,60.82080117784614,2022-03-21
Bremen,Indonesian,9.19587489400477e-07,1.4388075216291445e-06,5.192200322286675e-07,121.5821358701084,2022-02-28
Bremen,Dutch; Flemish,1.5033914632170848e-05,2.3581560144039906e-05,8.547645511869058e-06,67.79734959798577,2022-03-21
Chemnitz,English,1.5315701246541624e-06,1.8528895331627569e-06,3.2131940850859447e-07,42.605444883050225,2022-02-28
Chemnitz,Polish,9.642489570912325e-06,1.2481284840574738e-05,2.8387952696624123e-06,21.59325036762891,2022-02-28
Chemnitz,Russian,3.834608116420502e-06,6.432101465002674e-06,2.597493348582172e-06,180.68090763115725,2022-03-21
Chemnitz,Ukrainian,3.4585746082142405e-06,8.781924657481675e-06,5.323350049267435e-06,790.3174461366465,2022-03-07
Chemnitz,Lithuanian,5.228857278994177e-06,7.288845073640486e-06,2.059987794646309e-06,716.4182029806883,2022-03-21
Chemnitz,German,2.995447421373045e-05,3.3025473256688114e-05,3.0709990429576644e-06,-4.222661957022944,2022-03-21
Chemnitz,Japanese,3.7330795093434095e-07,3.8874467744970387e-07,1.5436726515362923e-08,29.88313149746553,2022-03-21
Chemnitz,Spanish; Castilian,1.0383489764948829e-06,1.2941349443231521e-06,2.5578596782826923e-07,42.61874779170749,2022-03-14
Chemnitz,French,1.758529440807183e-06,1.935715438289725e-06,1.7718599748254186e-07,78.6189041067482,2022-03-21
Chemnitz,Italian,2.4500348459756743e-06,3.0062759836002018e-06,5.562411376245275e-07,58.25229869299851,2022-02-28
Chemnitz,Chinese,8.431280541355661e-07,1.1232967806596537e-06,2.801687265240876e-07,52.42946568858435,2022-03-07
Chemnitz,Persian,9.240531319000178e-07,1.2231099370624256e-06,2.990568051624078e-07,49.67118925325167,2022-03-21
Chemnitz,Portuguese,7.938453388795001e-07,1.2215856682368107e-06,4.277403293573106e-07,166.95512275834096,2022-03-21
Chemnitz,Arabic,1.1169216055243663e-06,1.5455965127008102e-06,4.286749071764439e-07,36.20813171277666,2022-03-14
Chemnitz,Turkish,1.5298318385307212e-06,2.2465710305036203e-06,7.167391919728991e-07,122.95611072383213,2022-03-21
Chemnitz,Indonesian,3.190912621218782e-07,5.053571355289957e-07,1.862658734071175e-07,168.04290629448596,2022-02-28
Chemnitz,Dutch; Flemish,6.514696340607368e-06,8.706127301733205e-06,2.1914309611258376e-06,49.213473736476956,2022-03-14
Cologne,English,8.193742490309754e-06,1.1538611824605936e-05,3.344869334296182e-06,22.80124236784222,2022-03-07
Cologne,Polish,2.3200220006302674e-05,3.2421548062623036e-05,9.221328056320362e-06,24.681082135969955,2022-03-21
Cologne,Russian,1.211895367938896e-05,1.7700220778658518e-05,5.581267099269558e-06,68.02296364219622,2022-03-14
Cologne,Ukrainian,1.582694065722585e-05,2.9509190023956194e-05,1.3682249366730345e-05,331.47391603005644,2022-03-07
Cologne,Lithuanian,3.6594065475824024e-05,5.290650122163447e-05,1.6312435745810442e-05,80.2769606581791,2022-03-21
Cologne,German,5.52630688662082e-05,5.7771343975004336e-05,2.508275108796133e-06,-1.5778718035843853,2022-03-21
Cologne,Japanese,4.660595010622057e-06,5.5862605130752474e-06,9.256655024531905e-07,17.36689877663027,2022-02-28
Cologne,Spanish; Castilian,9.766606411267005e-06,1.4492092521150935e-05,4.72548610988393e-06,38.35507314329165,2022-03-14
Cologne,French,1.2635178941127417e-05,1.5044747419351826e-05,2.4095684782244095e-06,25.072050160504578,2022-02-28
Cologne,Italian,1.3836846290891773e-05,1.8283937496423212e-05,4.447091205531439e-06,44.18449284283093,2022-03-21
Cologne,Chinese,6.2298623937641115e-06,9.328017022244463e-06,3.098154628480352e-06,44.402925767625746,2022-03-21
Cologne,Persian,1.2185950676931486e-05,1.4290389702952105e-05,2.1044390260206198e-06,45.630888555287676,2022-03-07
Cologne,Portuguese,9.353440064742696e-06,1.6022220440775812e-05,6.668780376033116e-06,43.68275602074778,2022-03-14
Cologne,Arabic,8.704201932548782e-06,1.2940304786248275e-05,4.236102853699493e-06,56.426895623628795,2022-02-28
Cologne,Turkish,2.043043231290391e-05,2.653671633719505e-05,6.106284024291142e-06,68.48269592944291,2022-03-21
Cologne,Indonesian,2.7887675878275873e-06,5.4934042394787214e-06,2.704636651651134e-06,100.91143967298405,2022-02-28
Cologne,Dutch; Flemish,3.4669275407566174e-05,5.547707127612633e-05,2.0807795868560155e-05,68.87726484903595,2022-03-14
Dortmund,English,2.7845752562904336e-06,3.490811094545849e-06,7.062358382554155e-07,7.908992249618252,2022-03-21
Dortmund,Polish,1.0835609392668397e-05,1.4780130058838947e-05,3.9445206661705495e-06,21.26483872145446,2022-03-21
Dortmund,Russian,4.809132688002644e-06,7.195576469456922e-06,2.386443781454278e-06,82.93192730333622,2022-03-14
Dortmund,Ukrainian,5.592401358992775e-06,1.1395560908432851e-05,5.803159549440076e-06,454.9425198966089,2022-03-07
Dortmund,Lithuanian,1.4840634771050746e-05,1.7402026772350857e-05,2.5613920013001112e-06,43.22403999469917,2022-02-28
Dortmund,German,2.8026890435960692e-05,3.172666370185705e-05,3.6997732658963587e-06,-5.57782864074724,2022-03-21
Dortmund,Japanese,1.4572481883567219e-06,1.810821664577187e-06,3.535734762204651e-07,6.927043139773947,2022-03-21
Dortmund,Spanish; Castilian,3.1639407227944974e-06,4.802408034243584e-06,1.6384673114490865e-06,11.182576658513387,2022-03-14
Dortmund,French,4.656905389718233e-06,5.042003726070581e-06,3.8509833635234773e-07,-1.4528736795853425,2022-03-21
Dortmund,Italian,5.463337263410534e-06,5.979415643336662e-06,5.160783799261277e-07,3.9086670186100125,2022-03-14
Dortmund,Chinese,1.963461346104446e-06,3.008234093108722e-06,1.0447727470042759e-06,43.27006734032275,2022-03-14
Dortmund,Persian,4.84654734263044e-06,6.272619474083282e-06,1.426072131452842e-06,16.408836020160187,2022-03-14
Dortmund,Portuguese,3.987008086590519e-06,5.8584728670654e-06,1.871464780474881e-06,9.417228426701985,2022-03-21
Dortmund,Arabic,5.212677946078687e-06,8.150967325295255e-06,2.9382893792165677e-06,30.758851696981605,2022-03-21
Dortmund,Turkish,7.664455110079963e-06,1.236635173286713e-05,4.701896622787167e-06,50.769501104230756,2022-03-21
Dortmund,Indonesian,1.3308363516285902e-06,2.316906528774104e-06,9.860701771455138e-07,-1.4489088353387913,2022-03-14
Dortmund,Dutch; Flemish,1.2282549959993522e-05,1.9581106217604652e-05,7.29855625761113e-06,84.88782039037324,2022-03-21
Dresden,English,5.081223871711699e-06,6.375761570654626e-06,1.2945376989429275e-06,71.65404485570485,2022-02-28
Dresden,Polish,2.955514280967028e-05,4.9713213442949584e-05,2.0158070633279305e-05,28.360955385888364,2022-03-21
Dresden,Russian,1.1400518625746397e-05,1.648611949134592e-05,5.0856008655995224e-06,85.75033810607486,2022-03-14
Dresden,Ukrainian,1.1779500092817526e-05,2.583267641518806e-05,1.4053176322370535e-05,182.0298002355272,2022-03-07
Dresden,Lithuanian,2.8348625091683053e-05,5.624294607405026e-05,2.7894320982367206e-05,561.6327934537734,2022-02-28
Dresden,German,3.8431715956981355e-05,5.051294319203769e-05,1.2081227235056335e-05,8.299335902687922,2022-03-21
Dresden,Japanese,3.206512164434564e-06,3.843201261423446e-06,6.366890969888822e-07,193.28208207712856,2022-02-28
Dresden,Spanish; Castilian,6.225732033848964e-06,7.822346957634092e-06,1.5966149237851277e-06,157.55287685796264,2022-02-28
Dresden,French,8.145631532919376e-06,8.783114770079832e-06,6.374832371604555e-07,252.14166756518398,2022-02-28
Dresden,Italian,1.0693714550969027e-05,1.279006519817188e-05,2.0963506472028527e-06,146.7314311222716,2022-02-28
Dresden,Chinese,5.59744827296711e-06,7.584352498073291e-06,1.9869042251061815e-06,38.59170943964894,2022-02-28
Dresden,Persian,5.554505018915745e-06,6.6286620262688625e-06,1.0741570073531173e-06,145.01290467640072,2022-02-28
Dresden,Portuguese,5.015793771803466e-06,6.899694884142345e-06,1.883901112338879e-06,104.42599181325569,2022-02-28
Dresden,Arabic,4.856032791170761e-06,6.0613189371529855e-06,1.2052861459822247e-06,416.70134221033834,2022-02-28
Dresden,Turkish,9.060822263253325e-06,1.1529388865891195e-05,2.4685666026378693e-06,39.00355304062326,2022-03-14
Dresden,Indonesian,1.257279143328213e-06,2.075719648387235e-06,8.18440505059022e-07,193.86468744743803,2022-03-14
Dresden,Dutch; Flemish,1.895347376945764e-05,2.9342791949011047e-05,1.0389318179553405e-05,419.9849586853854,2022-02-28
Duisburg,English,1.226004868756781e-06,1.5355950309149253e-06,3.095901621581443e-07,9.856895511300646,2022-03-14
Duisburg,Polish,5.458047024768948e-06,7.041035649358859e-06,1.5829886245899112e-06,5.174646490611523,2022-03-07
Duisburg,Russian,2.196546394397689e-06,3.792099760001858e-06,1.5955533656041688e-06,128.39048219023846,2022-03-14
Duisburg,Ukrainian,2.39689398214615e-06,5.811655688376125e-06,3.414761706229975e-06,529.5566402188421,2022-03-07
Duisburg,Lithuanian,6.02909201326181e-06,6.35459099049554e-06,3.2549897723372995e-07,82.85975020249843,2022-03-14
Duisburg,German,2.2618254182792276e-05,2.4515305403599096e-05,1.8970512208068206e-06,-24.11639057605779,2022-03-14
Duisburg,Japanese,6.179696871655143e-07,6.573117428697835e-07,3.934205570426922e-08,20.66374970154399,2022-02-28
Duisburg,Spanish; Castilian,1.1599302051159108e-06,1.4397187729746807e-06,2.7978856785876984e-07,45.00090552533802,2022-03-14
Duisburg,French,2.133292386622323e-06,2.2364803196804724e-06,1.0318793305814953e-07,1.2207422532471313,2022-03-14
Duisburg,Italian,2.4322809702801987e-06,2.894575881408428e-06,4.622949111282294e-07,11.922930536667398,2022-02-28
Duisburg,Chinese,1.2852438176246877e-06,1.5687382046124461e-06,2.8349438698775845e-07,17.587188385877983,2022-02-28
Duisburg,Persian,1.5159230213398044e-06,2.2059515430955494e-06,6.90028521755745e-07,148.30325114391968,2022-03-14
Duisburg,Portuguese,9.324803500414008e-07,1.2690232613673203e-06,3.3654291132591953e-07,19.85713088608707,2022-03-07
Duisburg,Arabic,2.193687205703737e-06,2.596817308759609e-06,4.0313010305587203e-07,1.1831835580626837,2022-03-14
Duisburg,Turkish,5.634693746759064e-06,6.673683347940172e-06,1.038989601181108e-06,40.97927375980019,2022-03-21
Duisburg,Indonesian,2.882757154601731e-07,4.434618437174275e-07,1.5518612825725443e-07,87.11843661498617,2022-03-21
Duisburg,Dutch; Flemish,1.0032999306488217e-05,1.4626062368217269e-05,4.593063061729051e-06,49.60780109835983,2022-03-14
Düsseldorf,English,4.707034321852698e-06,6.428121876720613e-06,1.7210875548679147e-06,39.676529960865594,2022-03-07
Düsseldorf,Polish,1.3741289753214163e-05,2.020460742321657e-05,6.463317670002405e-06,36.007959441288804,2022-03-14
Düsseldorf,Russian,9.692548815324605e-06,1.380690139626259e-05,4.114352580937985e-06,92.81893293546987,2022-03-07
Düsseldorf,Ukrainian,1.14735017344821e-05,2.255291506369275e-05,1.1079413329210651e-05,511.9445431424114,2022-03-14
Düsseldorf,Lithuanian,1.312155559165719e-05,1.9860567809615647e-05,6.7390122179584575e-06,49.87958446771235,2022-03-07
Düsseldorf,German,3.603324332500636e-05,4.0118390820067014e-05,4.085147495060652e-06,2.228118363170095,2022-03-21
Düsseldorf,Japanese,5.094602589098715e-06,6.373062625289833e-06,1.2784600361911177e-06,38.1195933826372,2022-03-21
Düsseldorf,Spanish; Castilian,4.935790303936095e-06,7.873472003286874e-06,2.937681699350779e-06,52.69590850406654,2022-03-14
Düsseldorf,French,7.1903738350903e-06,8.789680139913272e-06,1.5993063048229714e-06,29.18763940658704,2022-03-21
Düsseldorf,Italian,8.03432973021843e-06,1.1034162874919874e-05,2.9998331447014437e-06,52.27159527180385,2022-03-07
Düsseldorf,Chinese,5.866184432580233e-06,8.506917064396286e-06,2.640732631816053e-06,39.6749833054997,2022-03-14
Düsseldorf,Persian,1.0283558222773295e-05,1.281199217461191e-05,2.5284339518386154e-06,61.221261082680996,2022-03-14
Düsseldorf,Portuguese,5.544815989868231e-06,1.2064675096019534e-05,6.5198591061513035e-06,225.6519678950251,2022-03-14
Düsseldorf,Arabic,7.466803697337807e-06,1.109508460113907e-05,3.628280903801263e-06,69.55196117324624,2022-03-21
Düsseldorf,Turkish,1.0661957127889605e-05,1.7834470196810028e-05,7.172513068920423e-06,52.05127885044618,2022-03-07
Düsseldorf,Indonesian,2.093372685067229e-06,2.918316843156379e-06,8.2494415808915e-07,188.71549645314568,2022-02-28
Düsseldorf,Dutch; Flemish,2.3667158930744696e-05,3.6198522273950726e-05,1.253136334320603e-05,105.49749043303574,2022-03-21
Erfurt,English,1.299252298697052e-06,1.603569951749825e-06,3.043176530527731e-07,12.578713157038358,2022-03-14
Erfurt,Polish,7.19177350757027e-06,9.3546470482195e-06,2.1628735406492307e-06,16.209449500819375,2022-03-21
Erfurt,Russian,2.9040420056218356e-06,4.616853395674236e-06,1.7128113900524004e-06,69.83981087875384,2022-03-07
Erfurt,Ukrainian,2.601535622885096e-06,6.402989230106462e-06,3.8014536072213664e-06,222.18486881787797,2022-03-07
Erfurt,Lithuanian,6.695438673326396e-06,9.294905523162746e-06,2.59946684983635e-06,332.6318682461767,2022-03-21
Erfurt,German,2.3988360345022113e-05,2.6439148236278933e-05,2.45078789125682e-06,2.9424475831085983,2022-03-14
Erfurt,Japanese,4.835944383602136e-07,6.377625845787543e-07,1.5416814621854065e-07,58.76834507761044,2022-03-14
Erfurt,Spanish; Castilian,1.297240118898653e-06,1.7430378355327678e-06,4.457977166341149e-07,52.53847519314845,2022-03-07
Erfurt,French,2.23410339853225e-06,2.5824021645915287e-06,3.4829876605927885e-07,22.553133771402713,2022-03-14
Erfurt,Italian,2.6026787680818667e-06,3.2426032943998186e-06,6.399245263179519e-07,27.46949264694052,2022-03-21
Erfurt,Chinese,1.0653781076895008e-06,1.5225383279530282e-06,4.5716022026352736e-07,31.26479886995359,2022-03-07
Erfurt,Persian,1.100259447779343e-06,1.3432894746294247e-06,2.4303002685008175e-07,104.66207367013989,2022-03-14
Erfurt,Portuguese,1.3110076488752667e-06,1.6906917722562147e-06,3.7968412338094804e-07,41.10485060083737,2022-03-21
Erfurt,Arabic,1.549775105354196e-06,1.7839609838126513e-06,2.3418587845845535e-07,116.04836992429104,2022-03-14
Erfurt,Turkish,2.5320267680608565e-06,3.4354899088323693e-06,9.034631407715128e-07,133.53233362527658,2022-03-21
Erfurt,Indonesian,3.838157079944265e-07,5.791363177029306e-07,1.9532060970850411e-07,108.93600900903522,2022-02-28
Erfurt,Dutch; Flemish,6.238943049343865e-06,9.14826091227754e-06,2.9093178629336743e-06,93.04087616597536,2022-03-14
Essen,English,2.404478468957187e-06,2.750353552505172e-06,3.458750835479853e-07,27.197154582821902,2022-03-14
Essen,Polish,1.0152107367529117e-05,1.3176901513631813e-05,3.024794146102696e-06,9.819004000215381,2022-03-14
Essen,Russian,3.7511710959879467e-06,6.001089206503245e-06,2.2499181105152985e-06,82.0116688056534,2022-03-14
Essen,Ukrainian,3.1163405903167117e-06,8.099634364604054e-06,4.983293774287342e-06,515.9930215474604,2022-03-07
Essen,Lithuanian,6.310979842730383e-06,9.710901172876733e-06,3.39992133014635e-06,129.05589762207694,2022-03-14
Essen,German,2.7143681142363738e-05,3.3022496586198164e-05,5.8788154438344254e-06,-6.619548804562414,2022-03-07
Essen,Japanese,1.0472966949768213e-06,1.1392925173337713e-06,9.199582235695007e-08,42.73291843825131,2022-03-14
Essen,Spanish; Castilian,2.383838347650028e-06,2.884662262753668e-06,5.0082391510364e-07,10.424004145396015,2022-03-07
Essen,French,3.522663670071598e-06,3.96609593929768e-06,4.434322692260823e-07,6.066835428454698,2022-03-21
Essen,Italian,4.292084774218234e-06,5.34808731398527e-06,1.0560025397670363e-06,31.35300976763158,2022-02-28
Essen,Chinese,1.4412785851041416e-06,1.8417183826589066e-06,4.004397975547649e-07,74.75743324964552,2022-03-21
Essen,Persian,3.2650424202984015e-06,4.673834045947806e-06,1.4087916256494045e-06,52.177834695649295,2022-03-07
Essen,Portuguese,2.0572642673848522e-06,2.8151241173186806e-06,7.578598499338283e-07,50.047189688308876,2022-03-21
Essen,Arabic,3.2944101787572305e-06,4.324414003680054e-06,1.0300038249228231e-06,69.3327129475912,2022-03-21
Essen,Turkish,7.478328977317004e-06,8.827075233823932e-06,1.3487462565069276e-06,31.46264328996269,2022-03-14
Essen,Indonesian,6.019519527654006e-07,7.565223483675778e-07,1.5457039560217726e-07,844.0386577499645,2022-03-07
Essen,Dutch; Flemish,1.2241226654255279e-05,1.763263458955825e-05,5.39140793530297e-06,73.65170103267175,2022-03-07
Frankfurt,English,9.464481486695704e-06,1.2303609153086809e-05,2.8391276663911046e-06,28.761780313757733,2022-03-14
Frankfurt,Polish,2.9398581399471493e-05,4.1682627074146595e-05,1.2284045674675101e-05,28.96124858760134,2022-03-14
Frankfurt,Russian,1.5334152355063924e-05,2.7368081993035946e-05,1.2033929637972022e-05,92.39014300039207,2022-03-21
Frankfurt,Ukrainian,1.7795938438629636e-05,3.3337083388269234e-05,1.5541144949639598e-05,348.56199191243496,2022-03-07
Frankfurt,Lithuanian,3.0286761548360205e-05,4.323116808275227e-05,1.2944406534392067e-05,55.613782974401914,2022-03-14
Frankfurt,German,5.901871652447699e-05,6.702252203579129e-05,8.003805511314298e-06,10.59570669317338,2022-03-21
Frankfurt,Japanese,6.267660919153816e-06,8.02859563206043e-06,1.7609347129066142e-06,20.996595907182304,2022-02-28
Frankfurt,Spanish; Castilian,1.310834917587978e-05,1.9056730159241624e-05,5.948380983361844e-06,85.47597579041421,2022-03-14
Frankfurt,French,1.5724093419259803e-05,1.931828168298904e-05,3.5941882637292383e-06,22.902811500131804,2022-03-21
Frankfurt,Italian,1.7986336974593923e-05,2.288916049020701e-05,4.902823515613088e-06,22.44653938374901,2022-03-14
Frankfurt,Chinese,8.668119733015383e-06,1.3134979159508005e-05,4.466859426492621e-06,25.009781025730483,2022-03-07
Frankfurt,Persian,1.4715442213949526e-05,2.163986225276789e-05,6.924420038818365e-06,85.81514051596706,2022-03-07
Frankfurt,Portuguese,1.218419607262542e-05,1.993739585588317e-05,7.75319978325775e-06,71.56749962639717,2022-03-21
Frankfurt,Arabic,1.5727840940271984e-05,2.5274575796277573e-05,9.546734856005589e-06,53.08974147088554,2022-03-14
Frankfurt,Turkish,2.368313399931782e-05,3.933404945094045e-05,1.5650915451622633e-05,77.56264515035357,2022-03-14
Frankfurt,Indonesian,5.393381646546981e-06,8.418443185330136e-06,3.025061538783155e-06,92.86018309722459,2022-03-14
Frankfurt,Dutch; Flemish,2.72555836439487e-05,3.8170638608112364e-05,1.0915054964163662e-05,192.6002351022452,2022-03-14
Freiburg im Breisgau,English,2.6895248918830653e-06,3.231975279396947e-06,5.424503875138818e-07,36.33634202642493,2022-03-21
Freiburg im Breisgau,Polish,1.0084937280533568e-05,1.3671589948544875e-05,3.5866526680113068e-06,13.66881827355737,2022-03-21
Freiburg im Breisgau,Russian,3.537692676653656e-06,5.427046197235259e-06,1.889353520581603e-06,102.29968001280861,2022-03-07
Freiburg im Breisgau,Ukrainian,4.316084835799644e-06,1.3766604858947844e-05,9.4505200231482e-06,776.1329909712218,2022-03-07
Freiburg im Breisgau,Lithuanian,8.06170000886787e-06,9.609303076807644e-06,1.5476030679397742e-06,88.40420068785113,2022-03-21
Freiburg im Breisgau,German,3.4296096118900814e-05,4.061468493528613e-05,6.3185888163853145e-06,9.151016584924342,2022-03-21
Freiburg im Breisgau,Japanese,1.1496066125182726e-06,1.453512768819157e-06,3.0390615630088437e-07,4.648111850294923,2022-03-07
Freiburg im Breisgau,Spanish; Castilian,3.659041741118422e-06,6.087191617431875e-06,2.428149876313453e-06,33.831709644528864,2022-03-14
Freiburg im Breisgau,French,7.5439161670461216e-06,9.127918569271857e-06,1.5840024022257356e-06,-4.153861402391346,2022-03-21
Freiburg im Breisgau,Italian,7.184541353853692e-06,1.1718135191698878e-05,4.533593837845186e-06,49.060384259023394,2022-02-28
Freiburg im Breisgau,Chinese,1.810809949988902e-06,2.974337013117789e-06,1.1635270631288873e-06,47.11780346752321,2022-03-14
Freiburg im Breisgau,Persian,3.3456728422821737e-06,3.955936963613274e-06,6.102641213311002e-07,28.338481638649494,2022-03-21
Freiburg im Breisgau,Portuguese,3.017574900159066e-06,4.192258629868775e-06,1.1746837297097087e-06,32.869263995831076,2022-02-28
Freiburg im Breisgau,Arabic,2.485026441318522e-06,3.4892359155917e-06,1.0042094742731778e-06,59.443064138518054,2022-02-28
Freiburg im Breisgau,Turkish,4.892173639223557e-06,7.752352334794772e-06,2.860178695571216e-06,68.36096131919247,2022-03-14
Freiburg im Breisgau,Indonesian,6.171161102727246e-07,1.532289188347846e-06,9.151730780751214e-07,19.52420667567607,2022-03-14
Freiburg im Breisgau,Dutch; Flemish,1.0250554093844309e-05,1.7253187325546397e-05,7.002633231702088e-06,74.54637715857974,2022-03-21
Gelsenkirchen,English,1.5083098216471467e-06,1.8315065841543848e-06,3.231967625072381e-07,-2.302052477241312,2022-03-21
Gelsenkirchen,Polish,4.831701338675374e-06,6.2531579341063e-06,1.4214565954309255e-06,5.91518159694433,2022-03-14
Gelsenkirchen,Russian,2.078611572698302e-06,3.166571150541521e-06,1.087959577843219e-06,47.22293981337282,2022-03-14
Gelsenkirchen,Ukrainian,1.2718618600771581e-06,2.893658596085723e-06,1.621796736008565e-06,191.3502200565135,2022-03-14
Gelsenkirchen,Lithuanian,2.3989341055982005e-06,2.7969381838603216e-06,3.9800407826212114e-07,360.54360168141386,2022-03-21
Gelsenkirchen,German,1.616996990289866e-05,1.9776489328124713e-05,3.6065194252260525e-06,-4.441171216777451,2022-03-21
Gelsenkirchen,Japanese,7.846068989719734e-07,1.0382143026946018e-06,2.5360740372262843e-07,44.43632840685192,2022-03-07
Gelsenkirchen,Spanish; Castilian,1.5505870997627002e-06,2.3222541413200194e-06,7.716670415573192e-07,45.12789665948673,2022-03-07
Gelsenkirchen,French,2.3891334320325132e-06,2.5474309601965557e-06,1.582975281640425e-07,-8.517484567154787,2022-03-21
Gelsenkirchen,Italian,3.6316521665961564e-06,4.6940589294306215e-06,1.062406762834465e-06,9.372779653659435,2022-02-28
Gelsenkirchen,Chinese,5.523559607099607e-07,8.808265189803605e-07,3.2847055827039985e-07,40.1836335128545,2022-02-28
Gelsenkirchen,Persian,1.91144204884262e-06,2.978592719812816e-06,1.067150670970196e-06,56.632639916193625,2022-03-21
Gelsenkirchen,Portuguese,2.407597230666455e-06,3.310590551480312e-06,9.029933208138568e-07,22.168455563414845,2022-02-28
Gelsenkirchen,Arabic,2.6583359571046386e-06,3.4400288837726405e-06,7.81692926668002e-07,36.1710558235123,2022-03-21
Gelsenkirchen,Turkish,7.399987274551798e-06,1.0123904105860454e-05,2.7239168313086563e-06,99.60280854153028,2022-03-21
Gelsenkirchen,Indonesian,9.293098104744452e-07,1.3222911034720521e-06,3.929812929976069e-07,132.44526287575923,2022-03-21
Gelsenkirchen,Dutch; Flemish,5.672402517369694e-06,8.640974975759129e-06,2.968572458389435e-06,56.10260470584234,2022-03-14
Halle (Saale),English,1.424722125465765e-06,1.6004365003631182e-06,1.7571437489735318e-07,31.39144073268327,2022-03-14
Halle (Saale),Polish,6.161448805488377e-06,8.251099533128531e-06,2.089650727640154e-06,16.387541775468506,2022-03-21
Halle (Saale),Russian,2.8315711565228414e-06,4.333176120681596e-06,1.5016049641587543e-06,95.46622057648626,2022-03-14
Halle (Saale),Ukrainian,2.2556605802260773e-06,4.95919108941957e-06,2.703530509193493e-06,271.1409688982817,2022-03-14
Halle (Saale),Lithuanian,5.026966323012078e-06,6.519509434749219e-06,1.4925431117371413e-06,41.303150515888355,2022-03-21
Halle (Saale),German,3.2260709521898895e-05,3.605697047742067e-05,3.7962609555217743e-06,1.783759568270793,2022-03-21
Halle (Saale),Japanese,4.7541172334899144e-07,5.036894317591781e-07,2.8277708410186646e-08,-4.053500672186894,2022-03-21
Halle (Saale),Spanish; Castilian,1.0711287934561784e-06,1.337269089426921e-06,2.6614029597074257e-07,23.372519349922328,2022-03-21
Halle (Saale),French,1.7664411268245712e-06,1.8854890483682426e-06,1.190479215436714e-07,15.795419499915099,2022-03-21
Halle (Saale),Italian,2.244527373688933e-06,2.7469538251665383e-06,5.024264514776054e-07,16.905840728857747,2022-03-14
Halle (Saale),Chinese,7.304748787800029e-07,9.522218867746819e-07,2.2174700799467903e-07,1.32145258936891,2022-03-21
Halle (Saale),Persian,1.1208385982528764e-06,1.8429740771673706e-06,7.221354789144942e-07,169.58891951347792,2022-02-28
Halle (Saale),Portuguese,1.2600040990156878e-06,1.6105534647824001e-06,3.505493657667123e-07,50.39725225822025,2022-03-21
Halle (Saale),Arabic,2.0132526725549367e-06,2.068559131988865e-06,5.530645943392815e-08,51.64806989174606,2022-02-28
Halle (Saale),Turkish,1.4059339764903645e-06,1.7407331929916175e-06,3.34799216501253e-07,54.20837922576269,2022-03-14
Halle (Saale),Indonesian,3.5454584680208687e-07,4.652681814397563e-07,1.1072233463766946e-07,122.76004358926924,2022-03-21
Halle (Saale),Dutch; Flemish,5.072227449434399e-06,7.027933573290688e-06,1.9557061238562885e-06,86.11739752352949,2022-03-07
Hamburg,English,8.943625668738004e-06,1.1109740655940423e-05,2.1661149872024186e-06,19.117986493093042,2022-03-21
Hamburg,Polish,3.5389536605969446e-05,4.136606822787422e-05,5.976531621904774e-06,1.1813876840402582,2022-03-14
Hamburg,Russian,1.7544109294402718e-05,2.343185065375012e-05,5.887741359347402e-06,41.84014755791679,2022-03-07
Hamburg,Ukrainian,1.9502348082709158e-05,3.4595863928136146e-05,1.5093515845426988e-05,212.1527453248826,2022-03-07
Hamburg,Lithuanian,4.139799219737843e-05,5.5485241529936135e-05,1.4087249332557709e-05,58.32285772088333,2022-03-21
Hamburg,German,8.762200351720784e-05,9.419202682850556e-05,6.570023311297716e-06,-0.004700777556732039,2022-03-21
Hamburg,Japanese,6.532579590491478e-06,7.145329032087681e-06,6.12749441596203e-07,31.267556718188374,2022-02-28
Hamburg,Spanish; Castilian,1.1571948559467401e-05,1.5237519607898846e-05,3.665571048431445e-06,16.43769920462599,2022-03-14
Hamburg,French,1.4867800786006873e-05,1.714064545423067e-05,2.2728446682237974e-06,27.54319027892924,2022-02-28
Hamburg,Italian,1.8432980173044938e-05,2.212693127407018e-05,3.6939511010252417e-06,10.513924086766412,2022-02-28
Hamburg,Chinese,1.0334886467841942e-05,1.1839143602216145e-05,1.5042571343742038e-06,50.35515933775705,2022-03-14
Hamburg,Persian,1.6021398786791114e-05,1.9339167872417036e-05,3.317769085625923e-06,27.01976499043761,2022-02-28
Hamburg,Portuguese,1.2867581513335268e-05,1.7579616586838623e-05,4.712035073503355e-06,40.9781005267422,2022-02-28
Hamburg,Arabic,1.2065203727979601e-05,1.5442398409002172e-05,3.377194681022571e-06,35.11910726169276,2022-03-14
Hamburg,Turkish,2.41555413447517e-05,3.059883329253089e-05,6.44329194777919e-06,77.79184049812136,2022-03-21
Hamburg,Indonesian,5.563964241889214e-06,7.0987606837890064e-06,1.5347964418997923e-06,47.874752340110625,2022-03-21
Hamburg,Dutch; Flemish,3.584678868151343e-05,5.20268789119378e-05,1.6180090230424367e-05,60.24590530612757,2022-03-14
Hanover,English,4.423250118469914e-06,5.337032197993931e-06,9.137820795240173e-07,10.293237137572774,2022-02-28
Hanover,Polish,1.4376475410211072e-05,2.010653854568869e-05,5.7300631354776175e-06,1.2053815409771795,2022-03-21
Hanover,Russian,7.394740743810666e-06,1.1986058846663646e-05,4.59131810285298e-06,101.80332263965965,2022-03-07
Hanover,Ukrainian,7.4901521522271284e-06,1.9359502370603734e-05,1.1869350218376605e-05,585.032956121887,2022-03-07
Hanover,Lithuanian,1.4828785780183022e-05,2.4101835159528995e-05,9.273049379345974e-06,65.07796631697434,2022-03-21
Hanover,German,3.97542866116019e-05,4.4135442822037174e-05,4.381156210435271e-06,11.815503672667882,2022-03-21
Hanover,Japanese,2.0418313478194916e-06,2.319517439828654e-06,2.776860920091622e-07,30.53914331776133,2022-03-21
Hanover,Spanish; Castilian,4.712445113077925e-06,6.2344431180323735e-06,1.5219980049544485e-06,16.76263928355599,2022-03-14
Hanover,French,5.498754149393246e-06,6.046588037100185e-06,5.478338877069386e-07,38.28655819048963,2022-03-21
Hanover,Italian,6.6795339945762005e-06,8.35542609982293e-06,1.6758921052467297e-06,10.757856206368732,2022-03-21
Hanover,Chinese,3.582325168356966e-06,4.53195353641062e-06,9.496283680536542e-07,44.775243229399784,2022-03-21
Hanover,Persian,1.014339967475652e-05,1.1210948397414814e-05,1.0675487226582944e-06,28.225951364723855,2022-03-14
Hanover,Portuguese,4.743544843353178e-06,7.253491370313465e-06,2.509946526960287e-06,28.758986760915818,2022-03-07
Hanover,Arabic,6.562620174148633e-06,8.380162470231675e-06,1.8175422960830415e-06,31.117641825006338,2022-02-28
Hanover,Turkish,1.1246869120613313e-05,1.4535625573399413e-05,3.2887564527860997e-06,97.32897156017326,2022-03-21
Hanover,Indonesian,2.1944711729973186e-06,3.2800178120533323e-06,1.0855466390560138e-06,16.6266501502051,2022-03-14
Hanover,Dutch; Flemish,1.2680072081137753e-05,1.9898892856037465e-05,7.218820774899712e-06,77.63949958094582,2022-03-14
Karlsruhe,English,2.305693435430963e-06,2.568149098291182e-06,2.6245566286021905e-07,5.954051602647525,2022-03-21
Karlsruhe,Polish,7.816067727544174e-06,1.0201641406746317e-05,2.385573679202143e-06,8.149094477393248,2022-03-07
Karlsruhe,Russian,3.869262889787674e-06,6.9574202465167516e-06,3.088157356729078e-06,119.33858952582743,2022-03-14
Karlsruhe,Ukrainian,3.2955778206623995e-06,9.668307913714585e-06,6.372730093052186e-06,679.6078307198035,2022-03-07
Karlsruhe,Lithuanian,5.454624794542466e-06,8.614544578967755e-06,3.159919784425289e-06,66.53287163079149,2022-03-07
Karlsruhe,German,2.9012387176924022e-05,3.536520948462786e-05,6.352822307703835e-06,-6.906008730818847,2022-03-21
Karlsruhe,Japanese,1.14752933900556e-06,1.3821512124616818e-06,2.3462187345612183e-07,21.95619023817845,2022-02-28
Karlsruhe,Spanish; Castilian,2.492333826724864e-06,3.3764248990067333e-06,8.840910722818692e-07,41.723118746844136,2022-03-14
Karlsruhe,French,4.288704041859989e-06,5.539113787926971e-06,1.250409746066982e-06,31.119898147290325,2022-02-28
Karlsruhe,Italian,6.991277091324021e-06,7.428028487879631e-06,4.367513965556105e-07,128.5924412417982,2022-02-28
Karlsruhe,Chinese,2.372414126328028e-06,2.896882456874436e-06,5.244683305464082e-07,47.43170216252235,2022-03-14
Karlsruhe,Persian,2.7538692026217623e-06,3.5240767696926694e-06,7.702075670709071e-07,67.51204405530106,2022-03-14
Karlsruhe,Portuguese,3.1042403923759855e-06,3.527544677244078e-06,4.233042848680924e-07,11.190538345093092,2022-03-07
Karlsruhe,Arabic,1.8892702525950082e-06,2.3130278481898776e-06,4.2375759559486943e-07,44.452308105918426,2022-03-14
Karlsruhe,Turkish,4.124912772464435e-06,6.127168164480988e-06,2.002255392016553e-06,34.27791811238259,2022-03-14
Karlsruhe,Indonesian,1.3180296195284635e-06,1.3034929456582302e-06,-1.4536673870233363e-08,22.0337630097736,2022-03-21
Karlsruhe,Dutch; Flemish,6.9309003990465905e-06,1.1646205688214287e-05,4.715305289167697e-06,76.17560710521798,2022-03-14
Kassel,English,1.4463931859877183e-06,1.7313523429822361e-06,2.849591569945178e-07,9.6507828947626,2022-03-07
Kassel,Polish,6.095752175096784e-06,9.396201584270624e-06,3.3004494091738406e-06,15.816988021291568,2022-03-07
Kassel,Russian,2.8980457791612782e-06,5.15052962973304e-06,2.2524838505717617e-06,105.60612545982649,2022-03-07
Kassel,Ukrainian,2.5820683428421523e-06,8.102927085930607e-06,5.520858743088455e-06,512.4725177171769,2022-03-07
Kassel,Lithuanian,6.503012339827193e-06,8.337296143725284e-06,1.8342838038980906e-06,7.65954325020064,2022-03-21
Kassel,German,2.5957185176454275e-05,3.0066145764535038e-05,4.1089605880807635e-06,-20.19292479133504,2022-03-07
Kassel,Japanese,5.878171762201262e-07,6.976049887136712e-07,1.0978781249354496e-07,5.21762764905902,2022-02-28
Kassel,Spanish; Castilian,1.584307834357959e-06,1.9359354803350764e-06,3.516276459771175e-07,20.70028057048068,2022-03-21
Kassel,French,2.533418265262771e-06,3.0129279165072216e-06,4.795096512444505e-07,6.415897922921587,2022-03-07
Kassel,Italian,2.796472865460056e-06,3.583410923189551e-06,7.869380577294948e-07,18.40674477746196,2022-03-07
Kassel,Chinese,1.1503436381202282e-06,1.6073313125581857e-06,4.5698767443795754e-07,39.1835124983041,2022-03-07
Kassel,Persian,1.9078706188813584e-06,2.3109999801113703e-06,4.031293612300119e-07,107.73009763735372,2022-03-07
Kassel,Portuguese,1.160630192590096e-06,1.6760154000349493e-06,5.153852074448532e-07,43.12654171983339,2022-03-21
Kassel,Arabic,2.0313548756840634e-06,2.514374153625363e-06,4.830192779412995e-07,93.52310051153279,2022-03-21
Kassel,Turkish,3.343953765600005e-06,4.441636714397174e-06,1.0976829487971686e-06,33.538700978032956,2022-03-21
Kassel,Indonesian,3.5429142276408603e-07,4.8405879893328e-07,1.2976737616919392e-07,114.43432503558877,2022-02-28
Kassel,Dutch; Flemish,7.73963240456861e-06,1.403779030310373e-05,6.298157898535121e-06,80.18901390531403,2022-03-21
Kiel,English,2.1057307369556286e-06,2.410674136850493e-06,3.049433998948643e-07,23.89285672993784,2022-03-14
Kiel,Polish,8.756895454586949e-06,1.0916989620414907e-05,2.1600941658279584e-06,23.521498084111926,2022-03-14
Kiel,Russian,3.961874524692411e-06,5.598877612626136e-06,1.6370030879337247e-06,62.54282910065143,2022-03-21
Kiel,Ukrainian,2.651916976435219e-06,5.391111513846133e-06,2.7391945374109143e-06,219.1955630196612,2022-03-14
Kiel,Lithuanian,1.3699055976977155e-05,2.106277368591216e-05,7.363717708935005e-06,15.94327047189934,2022-02-28
Kiel,German,2.5539257323024563e-05,2.7294261117494536e-05,1.755003794469973e-06,-6.581196316827109,2022-03-14
Kiel,Japanese,1.2834133524421014e-06,1.333557610034897e-06,5.014425759279546e-08,9.705455545662334,2022-03-07
Kiel,Spanish; Castilian,2.2217569916617995e-06,3.1821654321829203e-06,9.604084405211208e-07,44.77638813728344,2022-02-28
Kiel,French,2.9429210932744124e-06,3.3887123751910105e-06,4.4579128191659813e-07,16.709469848488844,2022-03-14
Kiel,Italian,4.093775452858938e-06,5.385380817547186e-06,1.2916053646882482e-06,42.8096594834374,2022-03-07
Kiel,Chinese,1.3798565196584079e-06,1.903106472996656e-06,5.232499533382482e-07,98.88147505794807,2022-03-14
Kiel,Persian,2.552601918848076e-06,2.8032076029799095e-06,2.5060568413183354e-07,68.44472661136246,2022-02-28
Kiel,Portuguese,1.9315664393714733e-06,2.6061123547387322e-06,6.74545915367259e-07,92.91678793083236,2022-03-21
Kiel,Arabic,2.6974218636534385e-06,3.2870809961997964e-06,5.896591325463579e-07,35.779444801841564,2022-03-07
Kiel,Turkish,4.940515690360122e-06,5.980664403459704e-06,1.0401487130995818e-06,75.40382879594196,2022-03-14
Kiel,Indonesian,7.412804111833023e-07,1.0986839994620292e-06,3.5740358827872694e-07,196.12359171581306,2022-02-28
Kiel,Dutch; Flemish,7.129079106298643e-06,1.1027225714563405e-05,3.898146608264762e-06,43.840027745446264,2022-03-14
Krefeld,English,6.864399720084535e-07,8.449794961705425e-07,1.5853952416208892e-07,32.55491787958831,2022-03-21
Krefeld,Polish,2.787220620002248e-06,3.3661910547156234e-06,5.789704347133754e-07,0.7800334152866073,2022-03-21
Krefeld,Russian,1.0473771667372188e-06,1.7986313443296155e-06,7.512541775923967e-07,119.47084415605475,2022-03-14
Krefeld,Ukrainian,9.532920921016346e-07,2.8406852264364445e-06,1.8873931343348099e-06,576.1904654202378,2022-03-07
Krefeld,Lithuanian,1.85199303774084e-06,2.168083733369758e-06,3.16090695628918e-07,115.58202129136657,2022-03-14
Krefeld,German,1.665562385679559e-05,1.6189009627793622e-05,-4.666142290019691e-07,-1.0936685609896246,2022-03-21
Krefeld,Japanese,1.8165686751723367e-07,1.9951475252895127e-07,1.7857885011717596e-08,101.38572891495122,2022-02-28
Krefeld,Spanish; Castilian,4.757504504596638e-07,6.005572229267405e-07,1.2480677246707669e-07,52.392533010774486,2022-03-21
Krefeld,French,1.1402280854345756e-06,1.3147747696128482e-06,1.7454668417827262e-07,67.53379842540912,2022-03-21
Krefeld,Italian,1.2497841811296092e-06,1.4549112825645044e-06,2.051271014348952e-07,50.61054884221794,2022-03-14
Krefeld,Chinese,2.941022278141163e-07,3.3463400376992435e-07,4.053177595580806e-08,94.36144153390376,2022-03-14
Krefeld,Persian,3.9114215787928615e-07,5.728824752848994e-07,1.817403174056133e-07,19.185560549081448,2022-03-14
Krefeld,Portuguese,4.5574642924951415e-07,6.560434911938904e-07,2.002970619443763e-07,75.86661608537635,2022-03-14
Krefeld,Arabic,8.295516461886816e-07,9.249480814638247e-07,9.539643527514315e-08,107.59998005878377,2022-03-14
Krefeld,Turkish,2.096267146662254e-06,3.67690998901565e-06,1.5806428423533956e-06,118.13459734229129,2022-03-21
Krefeld,Indonesian,1.053383657918292e-07,1.806895962139266e-07,7.535123042209739e-08,78.2080348714154,2022-03-21
Krefeld,Dutch; Flemish,4.896674506140537e-06,8.240421072693891e-06,3.3437465665533543e-06,63.490569677640686,2022-03-14
Leipzig,English,5.034702916976445e-06,6.240048534461618e-06,1.2053456174851736e-06,13.755826304047481,2022-03-21
Leipzig,Polish,2.379087724369505e-05,3.2703350819831886e-05,8.912473576136834e-06,30.036039307416786,2022-03-21
Leipzig,Russian,9.81626083216959e-06,1.404035426586617e-05,4.224093433696581e-06,63.98951600639524,2022-03-14
Leipzig,Ukrainian,1.381771281016085e-05,2.456563664465799e-05,1.0747923834497141e-05,225.0822147604848,2022-03-07
Leipzig,Lithuanian,1.7227590383559046e-05,2.251954512642131e-05,5.291954742862264e-06,57.00350057320929,2022-03-21
Leipzig,German,4.330821879271069e-05,5.211360420154289e-05,8.805385408832203e-06,-8.346761597699858,2022-03-21
Leipzig,Japanese,3.943395916104158e-06,4.536508630905974e-06,5.931127148018154e-07,4.7770639406991,2022-02-28
Leipzig,Spanish; Castilian,6.69600006790904e-06,1.0251764958043351e-05,3.555764890134311e-06,71.04043209435649,2022-03-07
Leipzig,French,8.4192912695576e-06,9.082770115761452e-06,6.634788462038522e-07,-4.48949744831978,2022-02-28
Leipzig,Italian,9.524954310622822e-06,1.224808916083496e-05,2.723134850212139e-06,133.84963701927956,2022-03-14
Leipzig,Chinese,4.597516295490846e-06,5.813677032029038e-06,1.2161607365381914e-06,28.65835013822824,2022-03-21
Leipzig,Persian,5.914833847518395e-06,7.722040260746426e-06,1.8072064132280303e-06,34.001551169934594,2022-02-28
Leipzig,Portuguese,7.1730614119313744e-06,1.0257234314489114e-05,3.0841729025577392e-06,16.155871534838575,2022-03-14
Leipzig,Arabic,5.518350925488565e-06,7.364964832867864e-06,1.8466139073792988e-06,26.6606038300379,2022-02-28
Leipzig,Turkish,9.08939401246976e-06,1.1554175121760031e-05,2.464781109290271e-06,25.748179644379675,2022-03-21
Leipzig,Indonesian,1.5527510389811338e-06,3.281338569707532e-06,1.7285875307263982e-06,80.11061488713942,2022-03-14
Leipzig,Dutch; Flemish,1.7151448001691665e-05,2.63364768829612e-05,9.185028881269535e-06,10.590367131630597,2022-03-14
Lübeck,English,2.042382726593076e-06,2.390533664492329e-06,3.4815093789925307e-07,9.595390309502804,2022-03-21
Lübeck,Polish,1.320445532700077e-05,1.725190500000111e-05,4.047449673000342e-06,-3.3227274753276803,2022-03-21
Lübeck,Russian,5.119776301966061e-06,6.400326869532643e-06,1.2805505675665812e-06,39.109388968020454,2022-03-14
Lübeck,Ukrainian,4.247418047661552e-06,8.16981528400521e-06,3.922397236343657e-06,168.65723668540542,2022-03-14
Lübeck,Lithuanian,1.4494936540537612e-05,1.5830921111291597e-05,1.3359845707539848e-06,15.532179693861604,2022-03-07
Lübeck,German,3.0167031718668356e-05,3.0711587323260404e-05,5.445556045920482e-07,-5.93522005770949,2022-03-21
Lübeck,Japanese,1.533751700448519e-06,1.7733105384388757e-06,2.395588379903567e-07,71.63439360919794,2022-03-14
Lübeck,Spanish; Castilian,2.4631183642558047e-06,3.4429173122553294e-06,9.797989479995247e-07,45.51630487426734,2022-03-21
Lübeck,French,3.209868678175027e-06,4.008068316625508e-06,7.981996384504809e-07,27.363106244155166,2022-03-07
Lübeck,Italian,5.193983167327094e-06,6.103929505788338e-06,9.099463384612439e-07,88.03159979195128,2022-03-14
Lübeck,Chinese,1.8572782113516813e-06,2.351024815625247e-06,4.937466042735657e-07,46.688716853043054,2022-03-07
Lübeck,Persian,1.0895052825553017e-06,1.3437752409934101e-06,2.5426995843810844e-07,32.98586506121881,2022-03-07
Lübeck,Portuguese,2.0350500367927795e-06,2.871887865052317e-06,8.368378282595374e-07,64.69236680752644,2022-03-14
Lübeck,Arabic,1.4249592105425983e-06,1.7817346846998066e-06,3.5677547415720835e-07,27.097894622695694,2022-03-07
Lübeck,Turkish,3.052451441005258e-06,4.3459458203495976e-06,1.2934943793443397e-06,58.70473800445342,2022-03-21
Lübeck,Indonesian,4.377508522840728e-07,5.608840096899467e-07,1.2313315740587387e-07,117.19104249953749,2022-03-21
Lübeck,Dutch; Flemish,1.0477487577133532e-05,1.6517368099863448e-05,6.039880522729915e-06,49.89056267005143,2022-03-14
Magdeburg,English,1.6597785279074862e-06,1.997621107834352e-06,3.3784257992686596e-07,129.6400145931586,2022-03-14
Magdeburg,Polish,1.0631667469590876e-05,1.370084979553803e-05,3.0691823259471534e-06,14.792456109287833,2022-03-14
Magdeburg,Russian,5.020097603700641e-06,7.2343629216790276e-06,2.214265317978386e-06,83.76942344666094,2022-03-14
Magdeburg,Ukrainian,4.5382388451046045e-06,1.0400916624003935e-05,5.862677778899331e-06,200.34673585413475,2022-03-07
Magdeburg,Lithuanian,1.4845366946543071e-05,2.2013501637108426e-05,7.168134690565355e-06,29.926664617564658,2022-03-14
Magdeburg,German,2.744155262044834e-05,3.0391283445565146e-05,2.9497308251168052e-06,112.18627138104904,2022-03-14
Magdeburg,Japanese,7.77970042767407e-07,9.528488754435812e-07,1.748788326761741e-07,171.10099277793745,2022-03-14
Magdeburg,Spanish; Castilian,1.5896306206293674e-06,2.0556199414155756e-06,4.6598932078620823e-07,71.09361346048884,2022-03-14
Magdeburg,French,2.5213720548618744e-06,2.830887157896617e-06,3.0951510303474276e-07,97.30182257299545,2022-03-14
Magdeburg,Italian,3.2149328461032197e-06,3.9416086459274016e-06,7.266757998241819e-07,34.486864482266164,2022-03-14
Magdeburg,Chinese,1.3414349145951986e-06,1.7668401035962166e-06,4.25405189001018e-07,170.33148646765534,2022-03-14
Magdeburg,Persian,1.3919814672015758e-06,1.9843300082965054e-06,5.923485410949296e-07,157.6952907114127,2022-02-28
Magdeburg,Portuguese,1.5946832266375652e-06,2.1259707290499915e-06,5.312875024124264e-07,63.53520853548429,2022-03-14
Magdeburg,Arabic,1.8465916573360334e-06,2.2690231441521164e-06,4.2243148681608305e-07,100.67998072349096,2022-03-14
Magdeburg,Turkish,3.802007444252184e-06,5.017743385019674e-06,1.2157359407674898e-06,80.5730376095221,2022-03-14
Magdeburg,Indonesian,3.7929727869029616e-07,6.203156307197891e-07,2.410183520294929e-07,449.8113507081099,2022-03-14
Magdeburg,Dutch; Flemish,7.717691774221705e-06,1.1436073944397177e-05,3.7183821701754724e-06,203.2325527700054,2022-03-14
Mainz,English,2.6594390896303333e-06,2.797321739755962e-06,1.378826501256289e-07,-7.1551557840266895,2022-03-14
Mainz,Polish,1.1836732217725603e-05,1.3983853668103913e-05,2.14712145037831e-06,-0.7820638480864117,2022-03-14
Mainz,Russian,3.1610887860178083e-06,4.2466166641821845e-06,1.0855278781643762e-06,45.77755484265806,2022-03-14
Mainz,Ukrainian,2.9082908958091954e-06,7.292636403481638e-06,4.384345507672442e-06,372.4436014975608,2022-03-07
Mainz,Lithuanian,8.546058984899114e-06,9.598116863954839e-06,1.0520578790557244e-06,151.20560091713483,2022-03-21
Mainz,German,2.7203592993380362e-05,3.1909310815802704e-05,4.705717822422342e-06,-9.206014320953804,2022-03-21
Mainz,Japanese,1.0696324254274864e-06,1.2165574848437323e-06,1.4692505941624594e-07,5.50346395590402,2022-03-14
Mainz,Spanish; Castilian,4.249190702586321e-06,4.833743778685674e-06,5.845530760993535e-07,13.134695596842283,2022-03-14
Mainz,French,5.335920921485196e-06,5.480900236499634e-06,1.4497931501443844e-07,17.636674003757125,2022-03-21
Mainz,Italian,7.840865024728521e-06,8.239919574683688e-06,3.990545499551672e-07,24.06713008794117,2022-02-28
Mainz,Chinese,2.09020705779643e-06,2.691693111345743e-06,6.014860535493129e-07,39.7087333001845,2022-03-07
Mainz,Persian,2.8028922644864055e-06,3.143641520629838e-06,3.4074925614343267e-07,49.58027177344562,2022-03-14
Mainz,Portuguese,3.195938211479975e-06,4.472457631881472e-06,1.2765194204014967e-06,45.39035155878006,2022-03-14
Mainz,Arabic,2.4328716533448204e-06,3.035527673661331e-06,6.026560203165107e-07,27.566970668632784,2022-03-14
Mainz,Turkish,5.033214925471854e-06,6.0784716787976826e-06,1.0452567533258283e-06,7.431837527281315,2022-03-14
Mainz,Indonesian,6.931439331398908e-07,1.1983021565628367e-06,5.051582234229459e-07,106.17925651554123,2022-03-14
Mainz,Dutch; Flemish,8.915271250334724e-06,1.1042675928737778e-05,2.1274046784030534e-06,18.26136630039228,2022-03-14
Mannheim,English,2.1128616592831983e-06,2.5705630693804933e-06,4.57701410097295e-07,13.655958533728697,2022-03-14
Mannheim,Polish,9.079485479229704e-06,1.0859047876080916e-05,1.7795623968512125e-06,37.11840937031796,2022-03-14
Mannheim,Russian,3.488917590246901e-06,5.658920374653183e-06,2.1700027844062822e-06,161.15774614845222,2022-03-14
Mannheim,Ukrainian,2.9614827610146524e-06,7.851531083784834e-06,4.890048322770182e-06,390.54544673213616,2022-03-07
Mannheim,Lithuanian,9.058534675676889e-06,9.982629998198016e-06,9.240953225211268e-07,111.95472577383252,2022-03-21
Mannheim,German,3.129831282241041e-05,3.827131857181403e-05,6.973005749403621e-06,-12.934473704102324,2022-03-21
Mannheim,Japanese,8.139078968816575e-07,9.536602662935387e-07,1.3975236941188113e-07,52.8699917732383,2022-02-28
Mannheim,Spanish; Castilian,2.0776756753626106e-06,2.35242039115963e-06,2.7474471579701924e-07,25.93536186677754,2022-02-28
Mannheim,French,3.661497819821222e-06,4.459907937325548e-06,7.984101175043264e-07,29.11340287324191,2022-03-07
Mannheim,Italian,4.852582496467497e-06,5.494086833126413e-06,6.415043366589164e-07,40.46570873347424,2022-03-07
Mannheim,Chinese,1.6238597519505e-06,2.139245654393481e-06,5.153859024429812e-07,36.01664098790698,2022-03-14
Mannheim,Persian,2.274616038122718e-06,2.780777207578452e-06,5.061611694557342e-07,70.61205453996979,2022-02-28
Mannheim,Portuguese,1.7995049254717479e-06,2.535811592590091e-06,7.363066671183432e-07,67.19450519701009,2022-03-07
Mannheim,Arabic,2.174743464542493e-06,2.9800301493543734e-06,8.052866848118804e-07,53.11052693522025,2022-03-14
Mannheim,Turkish,7.633985687395191e-06,9.726030934904047e-06,2.092045247508856e-06,29.64628237568261,2022-03-07
Mannheim,Indonesian,4.72388563685448e-07,7.314563191833974e-07,2.590677554979494e-07,25.086689604093458,2022-02-28
Mannheim,Dutch; Flemish,7.111924103126399e-06,1.0741814514223813e-05,3.6298904110974145e-06,80.72478337496088,2022-03-21
Munich,English,1.0803415201554719e-05,1.4475431564236746e-05,3.672016362682027e-06,65.70331471266746,2022-03-14
Munich,Polish,3.78739663726033e-05,4.945812751550319e-05,1.158416114289989e-05,10.669526637425086,2022-03-14
Munich,Russian,1.7222335886039836e-05,2.4924932573494696e-05,7.70259668745486e-06,105.23917640223898,2022-03-14
Munich,Ukrainian,2.3435481195184873e-05,3.9063111364807284e-05,1.562763016962241e-05,459.9567241406507,2022-03-14
Munich,Lithuanian,3.959807949314458e-05,5.7278600068767506e-05,1.7680520575622926e-05,80.10997952276159,2022-03-14
Munich,German,7.44476040729848e-05,8.15339151919667e-05,7.086311118981902e-06,4.4775472143937955,2022-03-21
Munich,Japanese,7.271718625431077e-06,9.613803246131987e-06,2.3420846207009093e-06,40.22808679613856,2022-02-28
Munich,Spanish; Castilian,1.426050754326225e-05,2.1395447460958105e-05,7.1349399176958544e-06,56.191547206180424,2022-03-14
Munich,French,1.62357900631438e-05,1.840875098961658e-05,2.172960926472781e-06,18.730725595948527,2022-03-21
Munich,Italian,2.8138311502625822e-05,3.89749706256909e-05,1.083665912306508e-05,31.668352480878916,2022-03-21
Munich,Chinese,1.2911259674889873e-05,1.760088360951327e-05,4.689623934623397e-06,31.51344454063385,2022-03-14
Munich,Persian,1.4798852457249005e-05,1.8173742128096427e-05,3.3748896708474214e-06,60.040681738653,2022-03-07
Munich,Portuguese,1.6380230399430297e-05,2.2263506574672564e-05,5.883276175242266e-06,59.54739758603971,2022-03-21
Munich,Arabic,1.3914777867068254e-05,1.8917183935309545e-05,5.00240606824129e-06,60.60396389642386,2022-03-07
Munich,Turkish,2.2058336168689712e-05,2.9328573331956297e-05,7.270237163266585e-06,61.68901978885608,2022-03-21
Munich,Indonesian,8.491527778140992e-06,1.4138547353148655e-05,5.647019575007663e-06,70.04405421631131,2022-03-21
Munich,Dutch; Flemish,3.0497284135754827e-05,4.242945517092754e-05,1.1932171035172716e-05,59.12812409908392,2022-03-14
Mönchengladbach,English,1.1808915960798479e-06,1.2567580083810718e-06,7.586641230122388e-08,-20.163865205747257,2022-03-21
Mönchengladbach,Polish,4.7116961453734645e-06,5.627795227173857e-06,9.160990818003927e-07,18.50631418772881,2022-03-21
Mönchengladbach,Russian,1.816145153607888e-06,2.6988051811867474e-06,8.826600275788593e-07,57.644964217513376,2022-03-21
Mönchengladbach,Ukrainian,1.4536479294790277e-06,3.0255945297058176e-06,1.5719466002267899e-06,473.07141944365145,2022-03-07
Mönchengladbach,Lithuanian,2.464993569888202e-06,2.476554001087882e-06,1.1560431199679713e-08,-78.93764117725013,2022-02-28
Mönchengladbach,German,1.8812921876885703e-05,2.117321698994423e-05,2.360295113058527e-06,-14.276334381978263,2022-03-14
Mönchengladbach,Japanese,4.71656884397659e-07,8.591724969520531e-07,3.875156125543941e-07,10.555885433613188,2022-03-07
Mönchengladbach,Spanish; Castilian,1.552428560754855e-06,1.9218014402457083e-06,3.6937287949085326e-07,-22.456515778216634,2022-03-07
Mönchengladbach,French,2.333696720164287e-06,2.5835891604681752e-06,2.4989244030388835e-07,-13.369495671000353,2022-03-21
Mönchengladbach,Italian,3.1957351373324944e-06,3.5964517174625404e-06,4.0071658013004607e-07,5.971606790268802,2022-03-21
Mönchengladbach,Chinese,9.189791870274447e-07,1.2682529951018841e-06,3.492738080744394e-07,3.420750624811908,2022-03-07
Mönchengladbach,Persian,1.7583098149220184e-06,2.2149119232335836e-06,4.566021083115652e-07,8.993222908220556,2022-03-07
Mönchengladbach,Portuguese,1.7354183442042563e-06,2.3806616571019727e-06,6.452433128977164e-07,8.46799175211499,2022-03-07
Mönchengladbach,Arabic,1.927099169854731e-06,2.414960209398893e-06,4.878610395441617e-07,10.15150867300294,2022-03-07
Mönchengladbach,Turkish,4.02854272548662e-06,5.199631942078807e-06,1.1710892165921874e-06,58.07999385313289,2022-03-14
Mönchengladbach,Indonesian,5.47561116455214e-07,6.871169750917269e-07,1.3955585863651294e-07,105.22579516303577,2022-03-07
Mönchengladbach,Dutch; Flemish,7.250657750732118e-06,1.1477343831046744e-05,4.226686080314626e-06,29.35880043584078,2022-03-21
Münster,English,1.9631605427822086e-06,2.2689508357095937e-06,3.057902929273851e-07,12.305890818077225,2022-03-21
Münster,Polish,7.24579259861213e-06,1.037644515027933e-05,3.1306525516671993e-06,40.789603183346166,2022-03-21
Münster,Russian,2.51488303452115e-06,4.140776539818627e-06,1.6258935052974767e-06,92.76273241868091,2022-03-14
Münster,Ukrainian,2.6506029310259025e-06,8.314816422753376e-06,5.664213491727473e-06,580.1252009963797,2022-03-21
Münster,Lithuanian,6.571054691826922e-06,8.030595130452571e-06,1.4595404386256487e-06,151.20560091713483,2022-03-21
Münster,German,3.632785545445612e-05,3.72746087140151e-05,9.467532595589832e-07,-3.576618190204006,2022-03-21
Münster,Japanese,6.430663047660988e-07,7.487116313449009e-07,1.0564532657880205e-07,35.35653970962329,2022-02-28
Münster,Spanish; Castilian,1.9412833824441337e-06,2.5393640834837948e-06,5.980807010396611e-07,38.34519709035222,2022-03-07
Münster,French,3.4380143601423676e-06,3.641324307464387e-06,2.0330994732201949e-07,6.601626195320853,2022-03-21
Münster,Italian,4.002210835688015e-06,4.7349861336056e-06,7.327752979175845e-07,31.31042078693489,2022-03-14
Münster,Chinese,1.2721631249633868e-06,1.7916232350505065e-06,5.194601100871197e-07,60.92576100857803,2022-03-07
Münster,Persian,2.030005951338796e-06,2.838973259417445e-06,8.089673080786489e-07,118.81494860407678,2022-02-28
Münster,Portuguese,2.031793349955604e-06,2.806151069306063e-06,7.743577193504588e-07,48.97629643839356,2022-03-14
Münster,Arabic,3.269915739721247e-06,4.323167376010077e-06,1.0532516362888298e-06,174.06450650477188,2022-03-21
Münster,Turkish,3.2135182736563607e-06,4.3162060222001635e-06,1.1026877485438028e-06,37.99259562457604,2022-02-28
Münster,Indonesian,3.9782852460756403e-07,6.651650246799386e-07,2.673365000723746e-07,24.95712516093407,2022-03-14
Münster,Dutch; Flemish,1.9080678291400308e-05,3.230158326164153e-05,1.322090497024122e-05,119.294652053952,2022-03-21
Nuremberg,English,5.717242375920098e-06,7.5005871487924385e-06,1.7833447728723403e-06,27.701496235471268,2022-02-28
Nuremberg,Polish,2.091218566300276e-05,2.9255544162383272e-05,8.343358499380513e-06,65.9445446860305,2022-02-28
Nuremberg,Russian,8.794331883538925e-06,1.4260597872093564e-05,5.466265988554639e-06,160.6288199180952,2022-03-14
Nuremberg,Ukrainian,8.568859328800753e-06,1.6825105944689534e-05,8.25624661588878e-06,531.5224091278791,2022-03-07
Nuremberg,Lithuanian,2.465492352659095e-05,4.461447716163549e-05,1.995955363504454e-05,117.08749337585323,2022-03-07
Nuremberg,German,3.867568279409417e-05,4.867450566933692e-05,9.998822875242746e-06,5.473009322223921,2022-03-21
Nuremberg,Japanese,2.811731471779928e-06,3.2362387295189485e-06,4.2450725773902045e-07,32.077652750871756,2022-03-14
Nuremberg,Spanish; Castilian,5.381202341617605e-06,8.9746824505896e-06,3.5934801089719947e-06,43.65938474937183,2022-03-07
Nuremberg,French,7.271164638324397e-06,7.676018936178928e-06,4.048542978545307e-07,16.99297492706149,2022-03-21
Nuremberg,Italian,1.0477325702010817e-05,1.464891148565593e-05,4.171585783645113e-06,19.343696062266314,2022-02-28
Nuremberg,Chinese,4.297552597907012e-06,6.475939005216797e-06,2.178386407309785e-06,54.735138666161376,2022-03-14
Nuremberg,Persian,5.218981410656047e-06,7.512328469113779e-06,2.2933470584577323e-06,71.38980505787629,2022-03-14
Nuremberg,Portuguese,6.653274353095767e-06,1.018926871933986e-05,3.5359943662440935e-06,43.736931927414524,2022-03-07
Nuremberg,Arabic,4.022150878700309e-06,5.20977705225853e-06,1.1876261735582212e-06,65.36623410892706,2022-02-28
Nuremberg,Turkish,1.0760363331680931e-05,1.5014253274365707e-05,4.253889942684776e-06,68.4459253716233,2022-03-21
Nuremberg,Indonesian,1.5736460811954478e-06,2.6219822750002755e-06,1.0483361938048277e-06,97.9393769559281,2022-02-28
Nuremberg,Dutch; Flemish,2.035839654290947e-05,2.9431074797419804e-05,9.072678254510333e-06,60.22513523325497,2022-03-14
Oberhausen,English,3.667417001537298e-07,4.984896197695363e-07,1.3174791961580653e-07,42.28471678582777,2022-03-14
Oberhausen,Polish,1.7388142694163736e-06,2.526172205044577e-06,7.873579356282035e-07,21.801688267877562,2022-03-21
Oberhausen,Russian,6.450113711773268e-07,1.467561071326395e-06,8.225497001490681e-07,219.2772015346734,2022-03-21
Oberhausen,Ukrainian,6.847213335789201e-07,2.2519485777994508e-06,1.5672272442205307e-06,758.2749078169397,2022-03-21
Oberhausen,Lithuanian,1.5260349187310103e-06,1.9623564510968923e-06,4.3632153236588195e-07,49.87958446771235,2022-03-07
Oberhausen,German,1.1344991812045565e-05,1.314362035259866e-05,1.7986285405530962e-06,-4.9443262407303905,2022-03-21
Oberhausen,Japanese,1.4023752590712995e-07,1.624574102419517e-07,2.2219884334821747e-08,69.37471767897306,2022-02-28
Oberhausen,Spanish; Castilian,2.9260562862336897e-07,3.7899325650672157e-07,8.63876278833526e-08,87.43132747392043,2022-03-21
Oberhausen,French,5.575910837171057e-07,6.667248280908877e-07,1.0913374437378193e-07,71.00563041305132,2022-03-14
Oberhausen,Italian,6.730329470070936e-07,8.976844355941653e-07,2.246514885870717e-07,40.31045082934932,2022-02-28
Oberhausen,Chinese,2.0906937888190503e-07,2.6181037468748166e-07,5.274099580557663e-08,53.68113981750528,2022-03-14
Oberhausen,Persian,4.6881170467692524e-07,8.091112748756026e-07,3.402995701986773e-07,630.1033622109837,2022-03-21
Oberhausen,Portuguese,3.10144468068203e-07,4.5739401937452945e-07,1.4724955130632646e-07,100.53019975172263,2022-03-07
Oberhausen,Arabic,7.762615040256825e-07,1.0163052813893617e-06,2.400437773636792e-07,39.39769087650495,2022-03-07
Oberhausen,Turkish,1.4587161289015725e-06,1.799737501982241e-06,3.410213730806686e-07,86.75964007749872,2022-03-21
Oberhausen,Indonesian,1.0260747658612817e-07,1.5586471870088282e-07,5.325724211475465e-08,434.6241046142462,2022-03-21
Oberhausen,Dutch; Flemish,4.230676153847075e-06,6.234498346375166e-06,2.0038221925280914e-06,110.46277635178461,2022-03-14
Rostock,English,1.5371289569539752e-06,1.7397058428171327e-06,2.0257688586315758e-07,9.376315917051059,2022-03-07
Rostock,Polish,7.28912183001946e-06,1.10579504851599e-05,3.7688286551404394e-06,-2.2296517768711,2022-03-21
Rostock,Russian,4.531737623406802e-06,6.417902152529975e-06,1.8861645291231732e-06,79.27059652372961,2022-03-14
Rostock,Ukrainian,3.5407991992346427e-06,6.413663602511405e-06,2.872864403276762e-06,335.90135360126044,2022-03-07
Rostock,Lithuanian,7.676589137914242e-06,1.2539768964672023e-05,4.863179826757781e-06,45.87633703163802,2022-02-28
Rostock,German,2.531830295884417e-05,2.47086559653999e-05,-6.096469934442702e-07,-35.40004250050921,2022-03-07
Rostock,Japanese,4.839460794558143e-07,5.863905353639315e-07,1.0244445590811723e-07,43.7519762322472,2022-03-07
Rostock,Spanish; Castilian,1.285456893497308e-06,1.6133207419776535e-06,3.278638484803456e-07,57.48153528853423,2022-03-07
Rostock,French,2.155843008174065e-06,2.120937034699156e-06,-3.490597347490918e-08,-3.3932386299670103,2022-03-14
Rostock,Italian,2.6881164832436616e-06,3.5093120048934117e-06,8.211955216497501e-07,72.05281511533327,2022-02-28
Rostock,Chinese,9.56754410482948e-07,1.1178812082558462e-06,1.6112679777289823e-07,43.110367271876804,2022-02-28
Rostock,Persian,1.2499271526831326e-06,1.6515772587938677e-06,4.016501061107351e-07,64.36780704836052,2022-02-28
Rostock,Portuguese,1.156239055567337e-06,1.5265943301884736e-06,3.703552746211365e-07,51.03454246273118,2022-03-07
Rostock,Arabic,1.5007372030433313e-06,1.9030519969832157e-06,4.023147939398844e-07,90.53207664149812,2022-03-14
Rostock,Turkish,2.3880911322713475e-06,2.827288930128095e-06,4.391977978567475e-07,97.60428229831093,2022-03-21
Rostock,Indonesian,4.4031109740275894e-07,5.936558470738818e-07,1.5334474967112283e-07,135.6334360177614,2022-03-14
Rostock,Dutch; Flemish,8.11204977027552e-06,1.1403280838995057e-05,3.291231068719537e-06,12.985689285379687,2022-03-14
Stuttgart,English,5.7858900792076e-06,7.030389300274515e-06,1.244499221066915e-06,22.281615258069042,2022-03-21
Stuttgart,Polish,1.7422803986985982e-05,2.3929004685321183e-05,6.506200698335201e-06,6.278582828801649,2022-03-21
Stuttgart,Russian,9.477448555212143e-06,1.383953977586714e-05,4.362091220654997e-06,92.40769284996837,2022-03-07
Stuttgart,Ukrainian,9.468837862658089e-06,2.3083582674926933e-05,1.3614744812268844e-05,437.0113849610416,2022-03-07
Stuttgart,Lithuanian,1.5019553581318679e-05,2.2352447978235527e-05,7.332894396916848e-06,102.89683150999353,2022-03-21
Stuttgart,German,4.220135232164486e-05,4.740509821873686e-05,5.203745897092e-06,-7.44934834973916,2022-03-21
Stuttgart,Japanese,4.495729474129116e-06,5.386448880392595e-06,8.90719406263479e-07,24.80158797701644,2022-03-07
Stuttgart,Spanish; Castilian,6.145308443746052e-06,8.0361766397047e-06,1.890868195958648e-06,29.046004771532452,2022-03-21
Stuttgart,French,8.363841509709467e-06,9.917260539725025e-06,1.5534190300155575e-06,13.082180320317004,2022-03-21
Stuttgart,Italian,1.2143657037011172e-05,1.585379859834859e-05,3.710141561337417e-06,17.885823880867903,2022-03-21
Stuttgart,Chinese,5.81586689279436e-06,8.22047323631345e-06,2.404606343519091e-06,51.177442182550294,2022-02-28
Stuttgart,Persian,9.867775110108656e-06,1.2789461204146685e-05,2.9216860940380293e-06,39.045839681483365,2022-03-07
Stuttgart,Portuguese,7.658272680955178e-06,1.2977260563552158e-05,5.31898788259698e-06,53.46359422064935,2022-03-14
Stuttgart,Arabic,8.09019805116657e-06,1.0385417116256624e-05,2.2952190650900537e-06,48.82813244673822,2022-03-14
Stuttgart,Turkish,1.571255415437625e-05,2.309313198227773e-05,7.3805778279014805e-06,85.45356473853735,2022-03-21
Stuttgart,Indonesian,2.958869097758413e-06,5.8851027625481475e-06,2.9262336647897343e-06,70.1859722504673,2022-02-28
Stuttgart,Dutch; Flemish,1.3804594502466475e-05,2.140790887863727e-05,7.603314376170793e-06,57.13012640073099,2022-03-21
Wiesbaden,English,1.8992612487235807e-06,2.1735758332293902e-06,2.7431458450580957e-07,30.607685439185573,2022-03-07
Wiesbaden,Polish,7.316404165161848e-06,9.89671180836979e-06,2.580307643207941e-06,34.99514787991593,2022-03-21
Wiesbaden,Russian,2.8952316095606084e-06,4.5375959689377715e-06,1.6423643593771632e-06,75.73559583921829,2022-03-21
Wiesbaden,Ukrainian,2.8600780122028803e-06,8.411940971309051e-06,5.5518629591061715e-06,379.7297220886822,2022-03-07
Wiesbaden,Lithuanian,5.24731360693238e-06,6.890774342383759e-06,1.6434607354513788e-06,116.95029170116192,2022-03-21
Wiesbaden,German,2.4151895673784712e-05,2.658758597690004e-05,2.435690303115328e-06,-23.74241589070749,2022-02-28
Wiesbaden,Japanese,7.013073388880274e-07,8.026458652885716e-07,1.0133852640054418e-07,42.48606566843052,2022-03-21
Wiesbaden,Spanish; Castilian,1.8032752527761121e-06,2.367985767288072e-06,5.647105145119597e-07,27.79644138044155,2022-02-28
Wiesbaden,French,2.704930276414821e-06,3.090038699174399e-06,3.8510842275957783e-07,27.325540547245698,2022-03-14
Wiesbaden,Italian,3.978308418479662e-06,4.5690869969327915e-06,5.907785784531291e-07,19.939273219679098,2022-03-07
Wiesbaden,Chinese,1.085841255638095e-06,1.4973550141800893e-06,4.115137585419943e-07,6.647888015408032,2022-03-07
Wiesbaden,Persian,1.8520793146299004e-06,2.0886701965533818e-06,2.3659088192348132e-07,39.805653013076196,2022-03-07
Wiesbaden,Portuguese,1.3424614636891824e-06,1.7808904898239012e-06,4.3842902613471885e-07,38.29668948394662,2022-03-07
Wiesbaden,Arabic,1.6534028138899547e-06,1.899069094363198e-06,2.4566628047324335e-07,50.58012573757882,2022-02-28
Wiesbaden,Turkish,3.5862114473303884e-06,4.301288825047976e-06,7.150773777175878e-07,48.97551144470924,2022-03-07
Wiesbaden,Indonesian,3.5429142276408603e-07,6.388801142124912e-07,2.845886914484052e-07,184.0190555763183,2022-03-21
Wiesbaden,Dutch; Flemish,8.410132471157408e-06,1.1781834676238893e-05,3.371702205081485e-06,59.1688834834605,2022-03-07
Wuppertal,English,1.3020167043155967e-06,1.4728944442230577e-06,1.7087773990746108e-07,9.79457086935902,2022-03-21
Wuppertal,Polish,6.613990646343552e-06,8.716318164189054e-06,2.1023275178455015e-06,12.242232068397009,2022-03-21
Wuppertal,Russian,2.4775200871657234e-06,3.7914387184881915e-06,1.3139186313224682e-06,83.09830493512207,2022-03-14
Wuppertal,Ukrainian,2.011532922859925e-06,6.1528998608180686e-06,4.141366937958144e-06,309.7139765038432,2022-03-21
Wuppertal,Lithuanian,4.061779668761868e-06,5.686087619788376e-06,1.6243079510265075e-06,108.16608953848936,2022-03-07
Wuppertal,German,2.5488831858602916e-05,2.8198482610589164e-05,2.7096507519862473e-06,-12.45185549513661,2022-03-07
Wuppertal,Japanese,6.333638989174162e-07,6.869528473513187e-07,5.3588948433902515e-08,48.42502809119023,2022-03-07
Wuppertal,Spanish; Castilian,1.2447181963930596e-06,1.491901905655125e-06,2.4718370926206546e-07,47.73923315084252,2022-03-21
Wuppertal,French,2.1844450691505437e-06,2.3018808505205853e-06,1.1743578137004161e-07,12.14329863458612,2022-03-21
Wuppertal,Italian,2.7328775600021396e-06,2.9866461067115743e-06,2.537685467094346e-07,31.682017720397294,2022-03-21
Wuppertal,Chinese,9.93079549689049e-07,1.2454226825747242e-06,2.523431328856753e-07,19.96266613161739,2022-03-07
Wuppertal,Persian,1.2087475079197685e-06,1.926190081956483e-06,7.174425740367144e-07,113.92280098553083,2022-03-14
Wuppertal,Portuguese,1.4918941256210895e-06,1.8947776979961585e-06,4.0288357237506905e-07,41.20819873624024,2022-03-07
Wuppertal,Arabic,2.228914342949167e-06,2.4881976878953773e-06,2.5928334494621027e-07,17.93098994230633,2022-03-07
Wuppertal,Turkish,3.330844701255418e-06,4.464825234477724e-06,1.133980533222306e-06,72.50835940298029,2022-03-21
Wuppertal,Indonesian,4.2178554389941833e-07,4.992286603425787e-07,7.744311644316034e-08,78.2080348714154,2022-03-21
Wuppertal,Dutch; Flemish,8.180753280675009e-06,1.5157033936592649e-05,6.97628065591764e-06,86.22766877188211,2022-03-14
